SampleID,celltype,genotype,replicate,mean,sd,EXPERIMENT,total_positions,positions_with_mismatch,percent_positions_with_mismatch
230515_Einstein_PY_004_P0stock_Q192L_2_readcounts,P0stock,Q192L,2,7.366676259388502e-4,0.007456414937789435,exp2,11238,1129,10.0462715785727
230515_Einstein_PY_007_P0stock_C483Y_1_readcounts,P0stock,C483Y,1,6.447298848252753e-4,0.0033057603886431654,exp2,11238,1073,9.547962270866703
230515_Einstein_PY_009_P0stock_WT_1_readcounts,P0stock,WT,1,5.669020475334315e-4,0.003183056633665287,exp2,11238,974,8.667022601886456
230808_Einstein_PY_001_U2OS_WT_1_merge_ds_309k,U2OS,WT,1,7.874325395137702e-4,0.003957633198838544,exp1,11238,970,8.631429079907457
230808_Einstein_PY_002_U2OS_WT_2_merge_ds_309k,U2OS,WT,2,7.830092124774597e-4,0.0036924574993242977,exp1,11238,1036,9.218722192560953
230808_Einstein_PY_003_U2OS_WT_3_merge_ds_309k,U2OS,WT,3,7.729663452758749e-4,0.0038749096938979475,exp1,11238,1008,8.969567538707954
230808_Einstein_PY_004_U2OS_Q192L_1_merge_ds_309k,U2OS,Q192L,1,8.811053264107033e-4,0.003947543984916689,exp1,11238,1067,9.494571987898203
230808_Einstein_PY_005_U2OS_Q192L_2_merge_ds_309k,U2OS,Q192L,2,8.964054475405444e-4,0.003910162396194036,exp1,11238,1040,9.254315714539954
230808_Einstein_PY_006_U2OS_Q192L_3_merge_ds_309k,U2OS,Q192L,3,9.907682300188125e-4,0.004153755985770817,exp1,11238,1235,10.989499911016196
230808_Einstein_PY_007_U2OS_C483Y_1_merge_ds_309k,U2OS,C483Y,1,7.925355580327317e-4,0.0037361126993355016,exp1,11238,997,8.871685353265706
230808_Einstein_PY_008_U2OS_C483Y_2_merge_ds_309k,U2OS,C483Y,2,7.66697843557887e-4,0.0036850090401852583,exp1,11238,962,8.560242035949457
230808_Einstein_PY_009_U2OS_C483Y_3_merge_ds_309k,U2OS,C483Y,3,8.31767250721503e-4,0.0038224650825939366,exp1,11238,1027,9.138636768108205
230808_Einstein_PY_010_C636_WT_1_merge_ds_309k,C636,WT,1,6.639067375963154e-4,0.0035977384209808457,exp1,11238,853,7.590318562021713
230808_Einstein_PY_011_C636_WT_2_merge_ds_309k,C636,WT,2,7.329798568698437e-4,0.003846088098232972,exp1,11238,900,8.00854244527496
230808_Einstein_PY_012_C636_WT_3_merge_ds_309k,C636,WT,3,7.145476271087019e-4,0.0036171215733775196,exp1,11238,910,8.09752625022246
230808_Einstein_PY_013_C636_Q192L_1_merge_ds_309k,C636,Q192L,1,8.650938992634759e-4,0.003972098473229829,exp1,11238,1063,9.458978465919204
230808_Einstein_PY_014_C636_Q192L_2_merge_ds_309k,C636,Q192L,2,8.440124269370702e-4,0.003917283394319935,exp1,11238,1098,9.770421783235452
230808_Einstein_PY_015_C636_Q192L_3_merge_ds_309k,C636,Q192L,3,6.057725748181977e-4,0.0035334990180276808,exp1,11238,671,5.970813311977221
230808_Einstein_PY_016_C636_C483Y_1_merge_ds_309k,C636,C483Y,1,7.078538631237846e-4,0.0034793821955822393,exp1,11238,913,8.12422139170671
230808_Einstein_PY_017_C636_C483Y_2_merge_ds_309k,C636,C483Y,2,7.932431506349441e-4,0.003866046216133868,exp1,11238,991,8.818295070297207
230808_Einstein_PY_018_C636_C483Y_3_merge_ds_309k,C636,C483Y,3,0.001195910449865538,0.004185332987757322,exp1,11238,1488,13.240790176187932
230808_Einstein_PY_019_RNA_WT_merge_ds_309k,RNA,WT,merge,6.760399653520111e-4,0.003421323364311262,exp1,11238,853,7.590318562021713
230808_Einstein_PY_020_RNA_Q192L_merge_ds_309k,RNA,Q192L,merge,0.0010123565045462388,0.004211048360313216,exp1,11238,1169,10.402206798362698
230808_Einstein_PY_021_RNA_C483Y_merge_ds_309k,RNA,C483Y,merge,0.0014527227614967576,0.005596810857044346,exp1,11238,1439,12.804769531945187
230808_Einstein_PY_025_plasmid_WT_1_merge_ds_309k,plasmid,WT,1,8.215042778118141e-5,8.263574303645852e-4,exp1,11238,118,1.0500088983804947
230808_Einstein_PY_026_plasmid_Q192L_1_merge_ds_309k,plasmid,Q192L,1,1.1025368435814859e-4,9.338310724728294e-4,exp1,11238,171,1.5216230646022424
230808_Einstein_PY_027_plasmid_C483Y_1_merge_ds_309k,plasmid,C483Y,1,8.872873330604387e-5,7.957700804277398e-4,exp1,11238,152,1.3525538352019932
231018_Einstein_PY_001_U2OS_WT_1_readcounts,U2OS,WT,1,4.5792969443185115e-4,0.002853661828629318,exp2,11238,763,6.789464317494216
231018_Einstein_PY_002_U2OS_WT_2_readcounts,U2OS,WT,2,4.386491818896218e-4,0.0024560212575376514,exp2,11238,783,6.967431927389216
231018_Einstein_PY_003_U2OS_WT_3_readcounts,U2OS,WT,3,4.7111278958758296e-4,0.002869778192691356,exp2,11238,799,7.109806015305215
231018_Einstein_PY_004_U2OS_Q192L_1_readcounts,U2OS,Q192L,1,5.958769688808474e-4,0.0032530667984485414,exp2,11238,1003,8.925075636234206
231018_Einstein_PY_005_U2OS_Q192L_2_readcounts,U2OS,Q192L,2,6.148870962221744e-4,0.0029845821371230923,exp2,11238,1034,9.200925431571454
231018_Einstein_PY_006_U2OS_Q192L_3_readcounts,U2OS,Q192L,3,6.130231725122843e-4,0.0028695795266404575,exp2,11238,1090,9.69923473927745
231018_Einstein_PY_007_U2OS_C483Y_1_readcounts,U2OS,C483Y,1,4.907008560999067e-4,0.002517742195482146,exp2,11238,951,8.462359850507207
231018_Einstein_PY_008_U2OS_C483Y_2_readcounts,U2OS,C483Y,2,5.197560621481195e-4,0.003189590085621782,exp2,11238,886,7.88396511834846
231018_Einstein_PY_009_U2OS_C483Y_3_readcounts,U2OS,C483Y,3,4.7829465059577055e-4,0.002977722553446343,exp2,11238,817,7.269976864210714
231018_Einstein_PY_010_C636_WT_1_readcounts,C636,WT,1,4.205009592325685e-4,0.0026853009308111793,exp2,11238,739,6.575903185620217
231018_Einstein_PY_011_C636_WT_2_readcounts,C636,WT,2,4.260087624343261e-4,0.002741227316630291,exp2,11238,729,6.486919380672718
231018_Einstein_PY_012_C636_WT_3_readcounts,C636,WT,3,4.017373341983456e-4,0.002798060472134164,exp2,11238,660,5.87293112653497
231018_Einstein_PY_013_C636_Q192L_1_readcounts,C636,Q192L,1,5.568851621629462e-4,0.0032103101984426938,exp2,11238,936,8.32888414308596
231018_Einstein_PY_014_C636_Q192L_2_readcounts,C636,Q192L,2,5.38470671255694e-4,0.0030543742575101576,exp2,11238,917,8.15981491368571
231018_Einstein_PY_015_C636_Q192L_3_readcounts,C636,Q192L,3,5.36019203190606e-4,0.0032567680603041655,exp2,11238,897,7.981847303790709
231018_Einstein_PY_016_C636_C483Y_1_readcounts,C636,C483Y,1,4.4138738774241387e-4,0.0028345536392214016,exp2,11238,729,6.486919380672718
231018_Einstein_PY_017_C636_C483Y_2_readcounts,C636,C483Y,2,4.647370830509418e-4,0.0028570609180541004,exp2,11238,787,7.003025449368215
231018_Einstein_PY_018_C636_C483Y_3_readcounts,C636,C483Y,3,4.5744479217068847e-4,0.0031596825262639717,exp2,11238,746,6.638191849083467
231018_Einstein_PY_019_RNA_WT_1_readcounts,RNA,WT,1,4.99039022014593e-4,0.0026514866972360764,exp2,11238,887,7.892863498843211
231018_Einstein_PY_020_RNA_Q192L_1_readcounts,RNA,Q192L,1,7.801779301354334e-4,0.003694354181896381,exp2,11238,1154,10.268731090941449
231018_Einstein_PY_021_RNA_C483Y_1_readcounts,RNA,C483Y,1,9.555654278770221e-4,0.004400126395412282,exp2,11238,1206,10.731446876668446
