SampleID,EXPERIMENT,celltype,genotype,replicate,total_depth,total_mismatches,per10k_mismatched
230515_Einstein_PY_004_P0stock_Q192L_2_readcounts,exp2,P0stock,Q192L,2,35940128,3944,1.097380621460224
230515_Einstein_PY_007_P0stock_C483Y_1_readcounts,exp2,P0stock,C483Y,1,35144189,3633,1.033741310690083
230515_Einstein_PY_009_P0stock_WT_1_readcounts,exp2,P0stock,WT,1,35381281,3306,0.9343923980593014
230808_Einstein_PY_001_U2OS_WT_1_merge_ds_309k,exp1,U2OS,WT,1,27831070,3108,1.1167375167393851
230808_Einstein_PY_002_U2OS_WT_2_merge_ds_309k,exp1,U2OS,WT,2,29557994,3210,1.0860006264295201
230808_Einstein_PY_003_U2OS_WT_3_merge_ds_309k,exp1,U2OS,WT,3,29922903,3272,1.093476792676165
230808_Einstein_PY_004_U2OS_Q192L_1_merge_ds_309k,exp1,U2OS,Q192L,1,26505164,3305,1.2469268252782741
230808_Einstein_PY_005_U2OS_Q192L_2_merge_ds_309k,exp1,U2OS,Q192L,2,26408642,3328,1.2601935381607279
230808_Einstein_PY_006_U2OS_Q192L_3_merge_ds_309k,exp1,U2OS,Q192L,3,28496561,3947,1.3850794136176643
230808_Einstein_PY_007_U2OS_C483Y_1_merge_ds_309k,exp1,U2OS,C483Y,1,27937459,3129,1.120001643671316
230808_Einstein_PY_008_U2OS_C483Y_2_merge_ds_309k,exp1,U2OS,C483Y,2,27007709,2971,1.1000562839298957
230808_Einstein_PY_009_U2OS_C483Y_3_merge_ds_309k,exp1,U2OS,C483Y,3,27772218,3250,1.1702342247205462
230808_Einstein_PY_010_C636_WT_1_merge_ds_309k,exp1,C636,WT,1,27935915,2571,0.9203206696469401
230808_Einstein_PY_011_C636_WT_2_merge_ds_309k,exp1,C636,WT,2,27145557,2810,1.0351601921448876
230808_Einstein_PY_012_C636_WT_3_merge_ds_309k,exp1,C636,WT,3,28462020,2811,0.9876319389839512
230808_Einstein_PY_013_C636_Q192L_1_merge_ds_309k,exp1,C636,Q192L,1,26724203,3292,1.2318421619533424
230808_Einstein_PY_014_C636_Q192L_2_merge_ds_309k,exp1,C636,Q192L,2,28692714,3335,1.1623159802868421
230808_Einstein_PY_015_C636_Q192L_3_merge_ds_309k,exp1,C636,Q192L,3,21125070,1969,0.9320679174080843
230808_Einstein_PY_016_C636_C483Y_1_merge_ds_309k,exp1,C636,C483Y,1,26814180,2705,1.0087946004688564
230808_Einstein_PY_017_C636_C483Y_2_merge_ds_309k,exp1,C636,C483Y,2,26994113,2993,1.1087602693224259
230808_Einstein_PY_018_C636_C483Y_3_merge_ds_309k,exp1,C636,C483Y,3,26797901,4458,1.6635631275748053
230808_Einstein_PY_019_RNA_WT_merge_ds_309k,exp1,RNA,WT,merge,25744242,2529,0.9823555884846017
230808_Einstein_PY_020_RNA_Q192L_merge_ds_309k,exp1,RNA,Q192L,merge,27546234,3960,1.4375830830450362
230808_Einstein_PY_021_RNA_C483Y_merge_ds_309k,exp1,RNA,C483Y,merge,28368008,5985,2.109770978631986
230808_Einstein_PY_025_plasmid_WT_1_merge_ds_309k,exp1,plasmid,WT,1,23606786,265,0.11225585727764889
230808_Einstein_PY_026_plasmid_Q192L_1_merge_ds_309k,exp1,plasmid,Q192L,1,27444781,385,0.1402816805133187
230808_Einstein_PY_027_plasmid_C483Y_1_merge_ds_309k,exp1,plasmid,C483Y,1,29618978,339,0.11445364522705678
231018_Einstein_PY_001_U2OS_WT_1_readcounts,exp2,U2OS,WT,1,37654501,2567,0.6817246097617918
231018_Einstein_PY_002_U2OS_WT_2_readcounts,exp2,U2OS,WT,2,38152906,2450,0.6421529201471573
231018_Einstein_PY_003_U2OS_WT_3_readcounts,exp2,U2OS,WT,3,38173095,2659,0.6965639018790591
231018_Einstein_PY_004_U2OS_Q192L_1_readcounts,exp2,U2OS,Q192L,1,37935026,3413,0.8996962332383797
231018_Einstein_PY_005_U2OS_Q192L_2_readcounts,exp2,U2OS,Q192L,2,37966387,3399,0.8952655937474377
231018_Einstein_PY_006_U2OS_Q192L_3_readcounts,exp2,U2OS,Q192L,3,39186435,3433,0.8760684660393323
231018_Einstein_PY_007_U2OS_C483Y_1_readcounts,exp2,U2OS,C483Y,1,42467341,2938,0.6918257491091802
231018_Einstein_PY_008_U2OS_C483Y_2_readcounts,exp2,U2OS,C483Y,2,38142942,2954,0.7744552058936619
231018_Einstein_PY_009_U2OS_C483Y_3_readcounts,exp2,U2OS,C483Y,3,37748261,2732,0.7237419493311228
231018_Einstein_PY_010_C636_WT_1_readcounts,exp2,C636,WT,1,37092676,2425,0.653767875900892
231018_Einstein_PY_011_C636_WT_2_readcounts,exp2,C636,WT,2,37784367,2312,0.6118932732153485
231018_Einstein_PY_012_C636_WT_3_readcounts,exp2,C636,WT,3,36174530,2194,0.606504078974903
231018_Einstein_PY_013_C636_Q192L_1_readcounts,exp2,C636,Q192L,1,36152870,3108,0.8596827859033045
231018_Einstein_PY_014_C636_Q192L_2_readcounts,exp2,C636,Q192L,2,36976433,2989,0.8083527148224384
231018_Einstein_PY_015_C636_Q192L_3_readcounts,exp2,C636,Q192L,3,36285623,2938,0.8096870763387471
231018_Einstein_PY_016_C636_C483Y_1_readcounts,exp2,C636,C483Y,1,36150248,2369,0.6553205388798439
231018_Einstein_PY_017_C636_C483Y_2_readcounts,exp2,C636,C483Y,2,35915585,2538,0.7066570125476168
231018_Einstein_PY_018_C636_C483Y_3_readcounts,exp2,C636,C483Y,3,36281928,2572,0.7088928680967561
231018_Einstein_PY_019_RNA_WT_1_readcounts,exp2,RNA,WT,1,37807788,2745,0.7260408887184832
231018_Einstein_PY_020_RNA_Q192L_1_readcounts,exp2,RNA,Q192L,1,38234454,4331,1.132747966009924
231018_Einstein_PY_021_RNA_C483Y_1_readcounts,exp2,RNA,C483Y,1,38634696,5377,1.3917541890325733
