EXPERIMENT,celltype,genotype,substitution,n,freq.mean,freq.sd,total_depth.mean
exp1,C636,C483Y,AtoC.freq,3,0.044038320587766674,0.0016352376004924432,26868731.333333332
exp1,C636,C483Y,AtoG.freq,3,0.19151385977970214,0.013695548176126345,26868731.333333332
exp1,C636,C483Y,AtoT.freq,3,0.034249358195418245,0.004395653614109138,26868731.333333332
exp1,C636,C483Y,CtoA.freq,3,0.07881582394922221,0.021103837145608217,26868731.333333332
exp1,C636,C483Y,CtoG.freq,3,0.013030961340807874,0.009571304028872555,26868731.333333332
exp1,C636,C483Y,CtoT.freq,3,0.1924185091138614,0.09415160882191152,26868731.333333332
exp1,C636,C483Y,GtoA.freq,3,0.3616000551728743,0.09486907548085591,26868731.333333332
exp1,C636,C483Y,GtoC.freq,3,0.015150751034960679,0.009826480415304019,26868731.333333332
exp1,C636,C483Y,GtoT.freq,3,0.10871103551305478,0.10395627859141886,26868731.333333332
exp1,C636,C483Y,TtoA.freq,3,0.0488614940556581,0.006794404096997467,26868731.333333332
exp1,C636,C483Y,TtoC.freq,3,0.1645317369582029,0.021443047989298848,26868731.333333332
exp1,C636,C483Y,TtoG.freq,3,0.007450760087166541,0.0027082854831375577,26868731.333333332
exp1,C636,Q192L,AtoC.freq,3,0.03597829199468032,0.0065703410832612,25513995.666666668
exp1,C636,Q192L,AtoG.freq,3,0.21746389876623798,0.02556975620552339,25513995.666666668
exp1,C636,Q192L,AtoT.freq,3,0.03607173229284161,0.0028102890839479884,25513995.666666668
exp1,C636,Q192L,CtoA.freq,3,0.06065547636867791,0.0147325893698515,25513995.666666668
exp1,C636,Q192L,CtoG.freq,3,0.013579885572274901,7.937951524775228e-4,25513995.666666668
exp1,C636,Q192L,CtoT.freq,3,0.1453014587507935,0.024739195617361043,25513995.666666668
exp1,C636,Q192L,GtoA.freq,3,0.3593782411992406,0.06406666872367044,25513995.666666668
exp1,C636,Q192L,GtoC.freq,3,0.006644523260177377,0.001258935161442842,25513995.666666668
exp1,C636,Q192L,GtoT.freq,3,0.043640116915717904,0.0038056898866253848,25513995.666666668
exp1,C636,Q192L,TtoA.freq,3,0.04512304296872785,0.010176510171546648,25513995.666666668
exp1,C636,Q192L,TtoC.freq,3,0.13966358783589114,0.021438519080208385,25513995.666666668
exp1,C636,Q192L,TtoG.freq,3,0.005241763957495238,0.0016035362548582832,25513995.666666668
exp1,C636,WT,AtoC.freq,3,0.04480382235545266,0.014371505368951163,27847830.666666668
exp1,C636,WT,AtoG.freq,3,0.180462207722489,0.02174170281440286,27847830.666666668
exp1,C636,WT,AtoT.freq,3,0.022960441644818086,0.00636619887826437,27847830.666666668
exp1,C636,WT,CtoA.freq,3,0.055970187826098514,0.012347159866523233,27847830.666666668
exp1,C636,WT,CtoG.freq,3,0.006239532550547001,0.003586893031620599,27847830.666666668
exp1,C636,WT,CtoT.freq,3,0.12724909801955536,0.008800974581182973,27847830.666666668
exp1,C636,WT,GtoA.freq,3,0.3117898198589452,0.00630669980256512,27847830.666666668
exp1,C636,WT,GtoC.freq,3,0.008589994694404364,0.0022999785294524687,27847830.666666668
exp1,C636,WT,GtoT.freq,3,0.04493608322824655,0.004972549068938492,27847830.666666668
exp1,C636,WT,TtoA.freq,3,0.04742318883847799,0.0017028694803139055,27847830.666666668
exp1,C636,WT,TtoC.freq,3,0.12414767738604143,0.00670523352989206,27847830.666666668
exp1,C636,WT,TtoG.freq,3,0.00646554613351685,0.0025052255740449746,27847830.666666668
exp1,RNA,C483Y,AtoC.freq,1,0.05534403402593513,NA,28368008
exp1,RNA,C483Y,AtoG.freq,1,0.17625488543291443,NA,28368008
exp1,RNA,C483Y,AtoT.freq,1,0.018330508085023102,NA,28368008
exp1,RNA,C483Y,CtoA.freq,1,0.07755214959048234,NA,28368008
exp1,RNA,C483Y,CtoG.freq,1,0.008460234500779892,NA,28368008
exp1,RNA,C483Y,CtoT.freq,1,0.10575293125974866,NA,28368008
exp1,RNA,C483Y,GtoA.freq,1,1.1030030730391784,NA,28368008
exp1,RNA,C483Y,GtoC.freq,1,0.20727574526910736,NA,28368008
exp1,RNA,C483Y,GtoT.freq,1,0.15968692620222047,NA,28368008
exp1,RNA,C483Y,TtoA.freq,1,0.051113916775545186,NA,28368008
exp1,RNA,C483Y,TtoC.freq,1,0.14100390834633156,NA,28368008
exp1,RNA,C483Y,TtoG.freq,1,0.005992666104719091,NA,28368008
exp1,RNA,Q192L,AtoC.freq,1,0.06389258146866827,NA,27546234
exp1,RNA,Q192L,AtoG.freq,1,0.17098526063490202,NA,27546234
exp1,RNA,Q192L,AtoT.freq,1,0.0257748482061105,NA,27546234
exp1,RNA,Q192L,CtoA.freq,1,0.07478336240082764,NA,27546234
exp1,RNA,Q192L,CtoG.freq,1,0.005445390466079683,NA,27546234
exp1,RNA,Q192L,CtoT.freq,1,0.1114489915390975,NA,27546234
exp1,RNA,Q192L,GtoA.freq,1,0.617144252822364,NA,27546234
exp1,RNA,Q192L,GtoC.freq,1,0.07442033636975566,NA,27546234
exp1,RNA,Q192L,GtoT.freq,1,0.0976540023583623,NA,27546234
exp1,RNA,Q192L,TtoA.freq,1,0.04174799357327756,NA,27546234
exp1,RNA,Q192L,TtoC.freq,1,0.14884067273951132,NA,27546234
exp1,RNA,Q192L,TtoG.freq,1,0.005445390466079683,NA,27546234
exp1,RNA,WT,AtoC.freq,1,0.0497198558030957,NA,25744242
exp1,RNA,WT,AtoG.freq,1,0.14333302180736182,NA,25744242
exp1,RNA,WT,AtoT.freq,1,0.01747963680577583,NA,25744242
exp1,RNA,WT,CtoA.freq,1,0.07263760183733511,NA,25744242
exp1,RNA,WT,CtoG.freq,1,0.0038843637346168513,NA,25744242
exp1,RNA,WT,CtoT.freq,1,0.10371251171426993,NA,25744242
exp1,RNA,WT,GtoA.freq,1,0.3313362265628174,NA,25744242
exp1,RNA,WT,GtoC.freq,1,0.018256509552699203,NA,25744242
exp1,RNA,WT,GtoT.freq,1,0.07535665645156692,NA,25744242
exp1,RNA,WT,TtoA.freq,1,0.03495927361155166,NA,25744242
exp1,RNA,WT,TtoC.freq,1,0.12429963950773924,NA,25744242
exp1,RNA,WT,TtoG.freq,1,0.007380291095772018,NA,25744242
exp1,U2OS,C483Y,AtoC.freq,3,0.05169807542436573,0.010367334986011872,27572462
exp1,U2OS,C483Y,AtoG.freq,3,0.222182648610878,0.011885091466825074,27572462
exp1,U2OS,C483Y,AtoT.freq,3,0.04238426432654862,0.004402389327223304,27572462
exp1,U2OS,C483Y,CtoA.freq,3,0.06537265110656842,0.013089089388436918,27572462
exp1,U2OS,C483Y,CtoG.freq,3,0.007808154530857086,0.004199441090826471,27572462
exp1,U2OS,C483Y,CtoT.freq,3,0.14317319527154168,0.012441820810030722,27572462
exp1,U2OS,C483Y,GtoA.freq,3,0.3356148810009295,0.01179245680680652,27572462
exp1,U2OS,C483Y,GtoC.freq,3,0.013152192781805634,0.002927013857084662,27572462
exp1,U2OS,C483Y,GtoT.freq,3,0.04906981388949296,0.006253737695163919,27572462
exp1,U2OS,C483Y,TtoA.freq,3,0.04843085112524694,0.004756931177422876,27572462
exp1,U2OS,C483Y,TtoC.freq,3,0.1453971702428287,0.006929032833405006,27572462
exp1,U2OS,C483Y,TtoG.freq,3,0.005813485796189353,0.003172332338334835,27572462
exp1,U2OS,Q192L,AtoC.freq,3,0.050818835080404454,0.007507378294577076,27136789
exp1,U2OS,Q192L,AtoG.freq,3,0.2670602556914661,0.012176993049222885,27136789
exp1,U2OS,Q192L,AtoT.freq,3,0.044662119761423154,0.006052868687157219,27136789
exp1,U2OS,Q192L,CtoA.freq,3,0.07021446866663056,0.0034284472326661423,27136789
exp1,U2OS,Q192L,CtoG.freq,3,0.008664448888279412,0.002220638480069029,27136789
exp1,U2OS,Q192L,CtoT.freq,3,0.16992719197072212,0.017842108988433178,27136789
exp1,U2OS,Q192L,GtoA.freq,3,0.3965929007955792,0.022767830614370096,27136789
exp1,U2OS,Q192L,GtoC.freq,3,0.008984845964918343,0.0032662423391630786,27136789
exp1,U2OS,Q192L,GtoT.freq,3,0.05021357921929165,0.0051393249084670835,27136789
exp1,U2OS,Q192L,TtoA.freq,3,0.048170890419296356,0.007823951002055799,27136789
exp1,U2OS,Q192L,TtoC.freq,3,0.17630268515499475,0.007601664501012788,27136789
exp1,U2OS,Q192L,TtoG.freq,3,0.005787704072549295,0.0012315778291793777,27136789
exp1,U2OS,WT,AtoC.freq,3,0.051336128232277706,0.0010214009218179625,29103989
exp1,U2OS,WT,AtoG.freq,3,0.19404791957277737,0.011298132415507187,29103989
exp1,U2OS,WT,AtoT.freq,3,0.028798711512481298,0.011679200250434401,29103989
exp1,U2OS,WT,CtoA.freq,3,0.06699832711203849,0.01355087603721565,29103989
exp1,U2OS,WT,CtoG.freq,3,0.00827280843450605,0.0016758904756696647,29103989
exp1,U2OS,WT,CtoT.freq,3,0.15542848723598307,0.014353340769493425,29103989
exp1,U2OS,WT,GtoA.freq,3,0.340045362950183,0.009490565568772442,29103989
exp1,U2OS,WT,GtoC.freq,3,0.012050407720477298,0.0014645070855489012,29103989
exp1,U2OS,WT,GtoT.freq,3,0.05736222562493991,0.005200838574611991,29103989
exp1,U2OS,WT,TtoA.freq,3,0.044075687065820615,0.007577328234188531,29103989
exp1,U2OS,WT,TtoC.freq,3,0.13099387404901677,0.0038203287248185715,29103989
exp1,U2OS,WT,TtoG.freq,3,0.009328372437855236,0.0023909400333041926,29103989
exp1,plasmid,C483Y,AtoC.freq,1,0,NA,29618978
exp1,plasmid,C483Y,AtoG.freq,1,0.0175563113622624,NA,29618978
exp1,plasmid,C483Y,AtoT.freq,1,0,NA,29618978
exp1,plasmid,C483Y,CtoA.freq,1,0.0162058258728576,NA,29618978
exp1,plasmid,C483Y,CtoG.freq,1,0,NA,29618978
exp1,plasmid,C483Y,CtoT.freq,1,0.0229582533198816,NA,29618978
exp1,plasmid,C483Y,GtoA.freq,1,0.025321602926339996,NA,29618978
exp1,plasmid,C483Y,GtoC.freq,1,6.752427447024e-4,NA,29618978
exp1,plasmid,C483Y,GtoT.freq,1,0.0195820395963696,NA,29618978
exp1,plasmid,C483Y,TtoA.freq,1,0,NA,29618978
exp1,plasmid,C483Y,TtoC.freq,1,0.012154369404643199,NA,29618978
exp1,plasmid,C483Y,TtoG.freq,1,0,NA,29618978
exp1,plasmid,Q192L,AtoC.freq,1,0,NA,27444781
exp1,plasmid,Q192L,AtoG.freq,1,0.02477702409066409,NA,27444781
exp1,plasmid,Q192L,AtoT.freq,1,0.002186208007999772,NA,27444781
exp1,plasmid,Q192L,CtoA.freq,1,0.01967587207199795,NA,27444781
exp1,plasmid,Q192L,CtoG.freq,1,0,NA,27444781
exp1,plasmid,Q192L,CtoT.freq,1,0.042995424157328856,NA,27444781
exp1,plasmid,Q192L,GtoA.freq,1,0.01967587207199795,NA,27444781
exp1,plasmid,Q192L,GtoC.freq,1,7.287360026665907e-4,NA,27444781
exp1,plasmid,Q192L,GtoT.freq,1,0.012752880046665338,NA,27444781
exp1,plasmid,Q192L,TtoA.freq,1,7.287360026665907e-4,NA,27444781
exp1,plasmid,Q192L,TtoC.freq,1,0.016760928061331587,NA,27444781
exp1,plasmid,Q192L,TtoG.freq,1,0,NA,27444781
exp1,plasmid,WT,AtoC.freq,1,8.47214017189803e-4,NA,23606786
exp1,plasmid,WT,AtoG.freq,1,0.013131817266441945,NA,23606786
exp1,plasmid,WT,AtoT.freq,1,0,NA,23606786
exp1,plasmid,WT,CtoA.freq,1,0.00889574718049293,NA,23606786
exp1,plasmid,WT,CtoG.freq,1,0,NA,23606786
exp1,plasmid,WT,CtoT.freq,1,0.036430202739161525,NA,23606786
exp1,plasmid,WT,GtoA.freq,1,0.029652490601643103,NA,23606786
exp1,plasmid,WT,GtoC.freq,1,0,NA,23606786
exp1,plasmid,WT,GtoT.freq,1,0.01143738923206234,NA,23606786
exp1,plasmid,WT,TtoA.freq,1,8.47214017189803e-4,NA,23606786
exp1,plasmid,WT,TtoC.freq,1,0.011013782223467439,NA,23606786
exp1,plasmid,WT,TtoG.freq,1,0,NA,23606786
exp2,C636,C483Y,AtoC.freq,3,0.02289095736360072,0.004015776088401955,36115920.333333336
exp2,C636,C483Y,AtoG.freq,3,0.08120569922276452,0.00824804619672457,36115920.333333336
exp2,C636,C483Y,AtoT.freq,3,0.02501555111859145,0.0011580247159299567,36115920.333333336
exp2,C636,C483Y,CtoA.freq,3,0.02676930591183842,0.0030862205385353736,36115920.333333336
exp2,C636,C483Y,CtoG.freq,3,0.004612463938149579,6.739046259273756e-4,36115920.333333336
exp2,C636,C483Y,CtoT.freq,3,0.12168554700951152,0.01177944843887483,36115920.333333336
exp2,C636,C483Y,GtoA.freq,3,0.26690352557321223,0.01304939824702623,36115920.333333336
exp2,C636,C483Y,GtoC.freq,3,0.004613334206006699,8.312339183979312e-4,36115920.333333336
exp2,C636,C483Y,GtoT.freq,3,0.017084745124604922,0.0029957549273100137,36115920.333333336
exp2,C636,C483Y,TtoA.freq,3,0.014766029624282806,0.001646712486937837,36115920.333333336
exp2,C636,C483Y,TtoC.freq,3,0.08749222735813249,0.004280561201129027,36115920.333333336
exp2,C636,C483Y,TtoG.freq,3,0.01725075339071027,0.004015114709385419,36115920.333333336
exp2,C636,Q192L,AtoC.freq,3,0.029617659667764994,9.499224260114569e-4,36471642
exp2,C636,Q192L,AtoG.freq,3,0.1094596079169882,0.00903754004678898,36471642
exp2,C636,Q192L,AtoT.freq,3,0.022757291617017873,0.003445899233296833,36471642
exp2,C636,Q192L,CtoA.freq,3,0.02763481103835832,0.004924293949559306,36471642
exp2,C636,Q192L,CtoG.freq,3,0.0070328157695685725,0.00253753653855657,36471642
exp2,C636,Q192L,CtoT.freq,3,0.14144587367757694,0.005493994522640275,36471642
exp2,C636,Q192L,GtoA.freq,3,0.32021892100001775,0.021761349335268708,36471642
exp2,C636,Q192L,GtoC.freq,3,0.007153796330750046,0.003961222163820254,36471642
exp2,C636,Q192L,GtoT.freq,3,0.02130058616233994,0.006104377784873277,36471642
exp2,C636,Q192L,TtoA.freq,3,0.01618907325395853,0.004134155448672097,36471642
exp2,C636,Q192L,TtoC.freq,3,0.10791389503402299,0.0030445437356944236,36471642
exp2,C636,Q192L,TtoG.freq,3,0.015183194219799183,0.0035608704241624008,36471642
exp2,C636,WT,AtoC.freq,3,0.027010663476113448,4.8052499848815964e-4,37017191
exp2,C636,WT,AtoG.freq,3,0.0657734555174666,0.007835741567390133,37017191
exp2,C636,WT,AtoT.freq,3,0.018176817537599938,0.0036855286866382866,37017191
exp2,C636,WT,CtoA.freq,3,0.03053316051019039,8.260397426218259e-4,37017191
exp2,C636,WT,CtoG.freq,3,0.004135474652925656,4.7829874292143156e-4,37017191
exp2,C636,WT,CtoT.freq,3,0.10938986288437517,0.00887110578359083,37017191
exp2,C636,WT,GtoA.freq,3,0.242131830911316,0.014458356350815016,37017191
exp2,C636,WT,GtoC.freq,3,0.005504613203402003,8.030494240307091e-4,37017191
exp2,C636,WT,GtoT.freq,3,0.020461470128635903,0.0019250639705419902,37017191
exp2,C636,WT,TtoA.freq,3,0.012471520144152618,0.003113502209111496,37017191
exp2,C636,WT,TtoC.freq,3,0.07414371397168315,0.004575728353140906,37017191
exp2,C636,WT,TtoG.freq,3,0.014322493092520375,0.001675417002778397,37017191
exp2,P0stock,C483Y,AtoC.freq,1,0.042965851338894176,NA,35144189
exp2,P0stock,C483Y,AtoG.freq,1,0.14511645154196046,NA,35144189
exp2,P0stock,C483Y,AtoT.freq,1,0.02247882288591152,NA,35144189
exp2,P0stock,C483Y,CtoA.freq,1,0.12377579690343687,NA,35144189
exp2,P0stock,C483Y,CtoG.freq,1,0.012235308659420196,NA,35144189
exp2,P0stock,C483Y,CtoT.freq,1,0.09902063752274949,NA,35144189
exp2,P0stock,C483Y,GtoA.freq,1,0.2925092395786968,NA,35144189
exp2,P0stock,C483Y,GtoC.freq,1,0.005975383298786607,NA,35144189
exp2,P0stock,C483Y,GtoT.freq,1,0.11580861917172139,NA,35144189
exp2,P0stock,C483Y,TtoA.freq,1,0.037844094225648515,NA,35144189
exp2,P0stock,C483Y,TtoC.freq,1,0.10727235731631195,NA,35144189
exp2,P0stock,C483Y,TtoG.freq,1,0.028738748246545112,NA,35144189
exp2,P0stock,Q192L,AtoC.freq,1,0.03422358428996135,NA,35940128
exp2,P0stock,Q192L,AtoG.freq,1,0.1750132887673633,NA,35940128
exp2,P0stock,Q192L,AtoT.freq,1,0.030049976449722158,NA,35940128
exp2,P0stock,Q192L,CtoA.freq,1,0.12131286788961909,NA,35940128
exp2,P0stock,Q192L,CtoG.freq,1,0.007790734635113152,NA,35940128
exp2,P0stock,Q192L,CtoT.freq,1,0.12186934893498431,NA,35940128
exp2,P0stock,Q192L,GtoA.freq,1,0.32248076578914797,NA,35940128
exp2,P0stock,Q192L,GtoC.freq,1,0.00862545620316099,NA,35940128
exp2,P0stock,Q192L,GtoT.freq,1,0.10322723391524927,NA,35940128
exp2,P0stock,Q192L,TtoA.freq,1,0.02003331763314811,NA,35940128
exp2,P0stock,Q192L,TtoC.freq,1,0.12520823520717567,NA,35940128
exp2,P0stock,Q192L,TtoG.freq,1,0.027545811745578647,NA,35940128
exp2,P0stock,WT,AtoC.freq,1,0.03900367541808336,NA,35381281
exp2,P0stock,WT,AtoG.freq,1,0.13623022863417522,NA,35381281
exp2,P0stock,WT,AtoT.freq,1,0.016392849088759674,NA,35381281
exp2,P0stock,WT,CtoA.freq,1,0.11051041368456954,NA,35381281
exp2,P0stock,WT,CtoG.freq,1,0.006783247898797107,NA,35381281
exp2,P0stock,WT,CtoT.freq,1,0.09553074124139259,NA,35381281
exp2,P0stock,WT,GtoA.freq,1,0.2555023375213577,NA,35381281
exp2,P0stock,WT,GtoC.freq,1,0.005370071253214376,NA,35381281
exp2,P0stock,WT,GtoT.freq,1,0.11785893224159973,NA,35381281
exp2,P0stock,WT,TtoA.freq,1,0.026567720936955336,NA,35381281
exp2,P0stock,WT,TtoC.freq,1,0.09553074124139259,NA,35381281
exp2,P0stock,WT,TtoG.freq,1,0.02911143889900425,NA,35381281
exp2,RNA,C483Y,AtoC.freq,1,0.05202577496662585,NA,38634696
exp2,RNA,C483Y,AtoG.freq,1,0.0895568066589679,NA,38634696
exp2,RNA,C483Y,AtoT.freq,1,0.017083090287548786,NA,38634696
exp2,RNA,C483Y,CtoA.freq,1,0.026142304833976178,NA,38634696
exp2,RNA,C483Y,CtoG.freq,1,0.004400189922550445,NA,38634696
exp2,RNA,C483Y,CtoT.freq,1,0.1058633928425372,NA,38634696
exp2,RNA,C483Y,GtoA.freq,1,0.7371612293778629,NA,38634696
exp2,RNA,C483Y,GtoC.freq,1,0.14235908572957323,NA,38634696
exp2,RNA,C483Y,GtoT.freq,1,0.07557973278733705,NA,38634696
exp2,RNA,C483Y,TtoA.freq,1,0.019930272002140252,NA,38634696
exp2,RNA,C483Y,TtoC.freq,1,0.09395699658151833,NA,38634696
exp2,RNA,C483Y,TtoG.freq,1,0.027695313041935156,NA,38634696
exp2,RNA,Q192L,AtoC.freq,1,0.05780127002729004,NA,38234454
exp2,RNA,Q192L,AtoG.freq,1,0.10801775801479996,NA,38234454
exp2,RNA,Q192L,AtoT.freq,1,0.012292577788609196,NA,38234454
exp2,RNA,Q192L,CtoA.freq,1,0.03478537969968134,NA,38234454
exp2,RNA,Q192L,CtoG.freq,1,0.007846326248048423,NA,38234454
exp2,RNA,Q192L,CtoT.freq,1,0.10409459489077574,NA,38234454
exp2,RNA,Q192L,GtoA.freq,1,0.5230884165365615,NA,38234454
exp2,RNA,Q192L,GtoC.freq,1,0.07297083410685032,NA,38234454
exp2,RNA,Q192L,GtoT.freq,1,0.07166311306550893,NA,38234454
exp2,RNA,Q192L,TtoA.freq,1,0.01700037353743825,NA,38234454
exp2,RNA,Q192L,TtoC.freq,1,0.10540231593211714,NA,38234454
exp2,RNA,Q192L,TtoG.freq,1,0.01778500616224309,NA,38234454
exp2,RNA,WT,AtoC.freq,1,0.043112810514066575,NA,37807788
exp2,RNA,WT,AtoG.freq,1,0.07696826907725995,NA,37807788
exp2,RNA,WT,AtoT.freq,1,0.015340754661447001,NA,37807788
exp2,RNA,WT,CtoA.freq,1,0.03438445010324328,NA,37807788
exp2,RNA,WT,CtoG.freq,1,0.003438445010324328,NA,37807788
exp2,RNA,WT,CtoT.freq,1,0.08728360410823294,NA,37807788
exp2,RNA,WT,GtoA.freq,1,0.3039056397586656,NA,37807788
exp2,RNA,WT,GtoC.freq,1,0.014547267351372156,NA,37807788
exp2,RNA,WT,GtoT.freq,1,0.0317394924029938,NA,37807788
exp2,RNA,WT,TtoA.freq,1,0.01428277158134721,NA,37807788
exp2,RNA,WT,TtoC.freq,1,0.08754809987825789,NA,37807788
exp2,RNA,WT,TtoG.freq,1,0.013489284271272365,NA,37807788
exp2,U2OS,C483Y,AtoC.freq,3,0.027070625752922097,0.0030695324907646514,39452848
exp2,U2OS,C483Y,AtoG.freq,3,0.08780478443183355,0.0057442410134952,39452848
exp2,U2OS,C483Y,AtoT.freq,3,0.026168412927063938,0.004611485304637251,39452848
exp2,U2OS,C483Y,CtoA.freq,3,0.03247064253310633,0.008326794587926964,39452848
exp2,U2OS,C483Y,CtoG.freq,3,0.005333348837268512,0.0013320898281570129,39452848
exp2,U2OS,C483Y,CtoT.freq,3,0.12922756186221288,0.022486195825141626,39452848
exp2,U2OS,C483Y,GtoA.freq,3,0.259011774072271,0.028178040958735943,39452848
exp2,U2OS,C483Y,GtoC.freq,3,0.008103608814457628,0.002575435965814223,39452848
exp2,U2OS,C483Y,GtoT.freq,3,0.028719644822892205,0.0020619413636234728,39452848
exp2,U2OS,C483Y,TtoA.freq,3,0.017885008217690738,6.601663016968937e-4,39452848
exp2,U2OS,C483Y,TtoC.freq,3,0.082274697828729,0.01033743970732977,39452848
exp2,U2OS,C483Y,TtoG.freq,3,0.025937524677540406,0.004076968903579609,39452848
exp2,U2OS,Q192L,AtoC.freq,3,0.03385345536452808,0.0027576764459151925,38362616
exp2,U2OS,Q192L,AtoG.freq,3,0.1040274867454281,0.010939729979994348,38362616
exp2,U2OS,Q192L,AtoT.freq,3,0.028397406146623734,0.0012643315248937435,38362616
exp2,U2OS,Q192L,CtoA.freq,3,0.03600398024068956,0.004663486297707178,38362616
exp2,U2OS,Q192L,CtoG.freq,3,0.003990473098265668,5.221749895698803e-4,38362616
exp2,U2OS,Q192L,CtoT.freq,3,0.14853218880058308,0.014701730742345877,38362616
exp2,U2OS,Q192L,GtoA.freq,3,0.33083900399026317,0.03192145865369868,38362616
exp2,U2OS,Q192L,GtoC.freq,3,0.006779051282763978,2.9411901761259776e-4,38362616
exp2,U2OS,Q192L,GtoT.freq,3,0.02997056703231459,0.0018151336144675162,38362616
exp2,U2OS,Q192L,TtoA.freq,3,0.019754651430996792,0.0035472019266440838,38362616
exp2,U2OS,Q192L,TtoC.freq,3,0.12537528971902936,0.00982337030985064,38362616
exp2,U2OS,Q192L,TtoG.freq,3,0.022819877156897157,0.006805048141051421,38362616
exp2,U2OS,WT,AtoC.freq,3,0.04033612792310043,0.00595405165835811,37993500.666666664
exp2,U2OS,WT,AtoG.freq,3,0.08163251800366596,0.012239087564806602,37993500.666666664
exp2,U2OS,WT,AtoT.freq,3,0.016771290842758312,0.0027250789642847095,37993500.666666664
exp2,U2OS,WT,CtoA.freq,3,0.029943528733233714,0.00960993692504806,37993500.666666664
exp2,U2OS,WT,CtoG.freq,3,0.003951948235953178,0.001381028498261867,37993500.666666664
exp2,U2OS,WT,CtoT.freq,3,0.11037337712659429,0.01644376378179224,37993500.666666664
exp2,U2OS,WT,GtoA.freq,3,0.24743194054063167,0.026829251879980125,37993500.666666664
exp2,U2OS,WT,GtoC.freq,3,0.0058957333984122435,0.0034038689572638376,37993500.666666664
exp2,U2OS,WT,GtoT.freq,3,0.01967200377886012,0.005187334475683341,37993500.666666664
exp2,U2OS,WT,TtoA.freq,3,0.016785260329597238,0.005571674271277487,37993500.666666664
exp2,U2OS,WT,TtoC.freq,3,0.08386699102605014,0.0015365029457354337,37993500.666666664
exp2,U2OS,WT,TtoG.freq,3,0.01681975732381214,0.004913922551944529,37993500.666666664
