EXPERIMENT,celltype,genotype,substitution,n,freq.mean,freq.sd,total_mutated_positions.mean
exp1,C636,C483Y,AtoC,3,0.0449582334554272,0.01370723117015621,1130.6666666666667
exp1,C636,C483Y,AtoG,3,0.16099610239619547,0.034083605404015636,1130.6666666666667
exp1,C636,C483Y,AtoU,3,0.035561078088083675,0.008131651758083058,1130.6666666666667
exp1,C636,C483Y,CtoA,3,0.07873932177769218,0.007867260599203245,1130.6666666666667
exp1,C636,C483Y,CtoG,3,0.012919279528071717,0.006618926825352654,1130.6666666666667
exp1,C636,C483Y,CtoU,3,0.15398792556675414,0.031810271384301446,1130.6666666666667
exp1,C636,C483Y,GtoA,3,0.22658244710229872,0.0020580328114821553,1130.6666666666667
exp1,C636,C483Y,GtoC,3,0.014660475065414702,0.005366837953803771,1130.6666666666667
exp1,C636,C483Y,GtoU,3,0.0931032017847706,0.057413100399875905,1130.6666666666667
exp1,C636,C483Y,UtoA,3,0.04787053397389406,0.01678991462630669,1130.6666666666667
exp1,C636,C483Y,UtoC,3,0.16042182882347159,0.020696332596667893,1130.6666666666667
exp1,C636,C483Y,UtoG,3,0.006000858670415188,5.995006456445211e-4,1130.6666666666667
exp1,C636,Q192L,AtoC,3,0.04105747054099228,0.0070544924869985134,944
exp1,C636,Q192L,AtoG,3,0.19877802748737158,0.009015138623804061,944
exp1,C636,Q192L,AtoU,3,0.04164703234764768,0.007659951138616156,944
exp1,C636,Q192L,CtoA,3,0.06658182563831594,0.007358118843600316,944
exp1,C636,Q192L,CtoG,3,0.01633258597001792,0.002644903055014136,944
exp1,C636,Q192L,CtoU,3,0.13885369640038608,0.009657461488397964,944
exp1,C636,Q192L,GtoA,3,0.2648126625040093,0.013106544218997844,944
exp1,C636,Q192L,GtoC,3,0.008597871543756219,0.0029004616645226197,944
exp1,C636,Q192L,GtoU,3,0.05197077675988276,0.004330611497284085,944
exp1,C636,Q192L,UtoA,3,0.04925330911944733,0.0038338680681744494,944
exp1,C636,Q192L,UtoC,3,0.14599646044829026,0.00822489992355082,944
exp1,C636,Q192L,UtoG,3,0.004658909105032819,0.0028153024734378653,944
exp1,C636,WT,AtoC,3,0.05648156498097881,0.014602416884640423,887.6666666666666
exp1,C636,WT,AtoG,3,0.180147025914904,0.010938318791089982,887.6666666666666
exp1,C636,WT,AtoU,3,0.030367617272658305,0.005461067163830234,887.6666666666666
exp1,C636,WT,CtoA,3,0.06801715890813194,0.013083041765220026,887.6666666666666
exp1,C636,WT,CtoG,3,0.008909410679633424,0.004710496966600243,887.6666666666666
exp1,C636,WT,CtoU,3,0.1362784035468678,0.005158679023649974,887.6666666666666
exp1,C636,WT,GtoA,3,0.25978553511965,0.0136321713686233,887.6666666666666
exp1,C636,WT,GtoC,3,0.012344837655505885,0.0035947734437843646,887.6666666666666
exp1,C636,WT,GtoU,3,0.059298752135797855,0.00522883524228877,887.6666666666666
exp1,C636,WT,UtoA,3,0.058281422888691356,0.003350620695776756,887.6666666666666
exp1,C636,WT,UtoC,3,0.15935698707093784,0.009565773439393356,887.6666666666666
exp1,C636,WT,UtoG,3,0.0059586577288804725,0.002175835131800091,887.6666666666666
exp1,RNA,C483Y,AtoC,1,0.043085476025017375,NA,1439
exp1,RNA,C483Y,AtoG,1,0.12300208478109799,NA,1439
exp1,RNA,C483Y,AtoU,1,0.017373175816539264,NA,1439
exp1,RNA,C483Y,CtoA,1,0.06254343293954134,NA,1439
exp1,RNA,C483Y,CtoG,1,0.007644197359277276,NA,1439
exp1,RNA,C483Y,CtoU,1,0.07435719249478805,NA,1439
exp1,RNA,C483Y,GtoA,1,0.37595552466990967,NA,1439
exp1,RNA,C483Y,GtoC,1,0.0945100764419736,NA,1439
exp1,RNA,C483Y,GtoU,1,0.10562890896455872,NA,1439
exp1,RNA,C483Y,UtoA,1,0.04447533009034051,NA,1439
exp1,RNA,C483Y,UtoC,1,0.11118832522585129,NA,1439
exp1,RNA,C483Y,UtoG,1,0.005559416261292564,NA,1439
exp1,RNA,Q192L,AtoC,1,0.06244653550042772,NA,1169
exp1,RNA,Q192L,AtoG,1,0.14114627887082976,NA,1169
exp1,RNA,Q192L,AtoU,1,0.026518391787852865,NA,1169
exp1,RNA,Q192L,CtoA,1,0.07356715141146279,NA,1169
exp1,RNA,Q192L,CtoG,1,0.005988023952095809,NA,1169
exp1,RNA,Q192L,CtoU,1,0.09238665526090675,NA,1169
exp1,RNA,Q192L,GtoA,1,0.32078699743370404,NA,1169
exp1,RNA,Q192L,GtoC,1,0.05218135158254919,NA,1169
exp1,RNA,Q192L,GtoU,1,0.0932420872540633,NA,1169
exp1,RNA,Q192L,UtoA,1,0.041916167664670656,NA,1169
exp1,RNA,Q192L,UtoC,1,0.13857998289136014,NA,1169
exp1,RNA,Q192L,UtoG,1,0.002566295979469632,NA,1169
exp1,RNA,WT,AtoC,1,0.06213364595545135,NA,853
exp1,RNA,WT,AtoG,1,0.15943728018757328,NA,853
exp1,RNA,WT,AtoU,1,0.02579132473622509,NA,853
exp1,RNA,WT,CtoA,1,0.09261430246189918,NA,853
exp1,RNA,WT,CtoG,1,0.004689331770222743,NA,853
exp1,RNA,WT,CtoU,1,0.10902696365767878,NA,853
exp1,RNA,WT,GtoA,1,0.26260257913247365,NA,853
exp1,RNA,WT,GtoC,1,0.023446658851113716,NA,853
exp1,RNA,WT,GtoU,1,0.09613130128956623,NA,853
exp1,RNA,WT,UtoA,1,0.044548651817116064,NA,853
exp1,RNA,WT,UtoC,1,0.141852286049238,NA,853
exp1,RNA,WT,UtoG,1,0.007033997655334114,NA,853
exp1,U2OS,C483Y,AtoC,3,0.05429657746100746,0.011504818978633095,995.3333333333334
exp1,U2OS,C483Y,AtoG,3,0.19666197026124912,0.004369936765426629,995.3333333333334
exp1,U2OS,C483Y,AtoU,3,0.04943358457698947,0.006137575636068176,995.3333333333334
exp1,U2OS,C483Y,CtoA,3,0.07089344825972431,0.008397039305976892,995.3333333333334
exp1,U2OS,C483Y,CtoG,3,0.009951783119387197,0.005021172691073201,995.3333333333334
exp1,U2OS,C483Y,CtoU,3,0.1330288311358103,0.014793208403185211,995.3333333333334
exp1,U2OS,C483Y,GtoA,3,0.23678296923983352,0.013092683653450668,995.3333333333334
exp1,U2OS,C483Y,GtoC,3,0.015683980984947176,0.002790067709504,995.3333333333334
exp1,U2OS,C483Y,GtoU,3,0.057183788529725076,0.006618546464084481,995.3333333333334
exp1,U2OS,C483Y,UtoA,3,0.05157855383215006,0.00746904897986773,995.3333333333334
exp1,U2OS,C483Y,UtoC,3,0.15658705372149503,0.008864173468111587,995.3333333333334
exp1,U2OS,C483Y,UtoG,3,0.0067425756835759,0.0035844306392468534,995.3333333333334
exp1,U2OS,Q192L,AtoC,3,0.04577330338317859,0.005315349536639737,1114
exp1,U2OS,Q192L,AtoG,3,0.21322173485765455,0.006788795860935112,1114
exp1,U2OS,Q192L,AtoU,3,0.04213704092977018,0.0015208235390079814,1114
exp1,U2OS,Q192L,CtoA,3,0.06652325563747159,0.005744555166682879,1114
exp1,U2OS,Q192L,CtoG,3,0.009154401395312954,0.0019254824979359696,1114
exp1,U2OS,Q192L,CtoU,3,0.13961151436734726,0.014049684438339568,1114
exp1,U2OS,Q192L,GtoA,3,0.2513283582939036,0.00437964983965652,1114
exp1,U2OS,Q192L,GtoC,3,0.008740136242849212,0.0034831746543173324,1114
exp1,U2OS,Q192L,GtoU,3,0.05163628648436028,0.0027692810185348214,1114
exp1,U2OS,Q192L,UtoA,3,0.046631682659897526,0.006583712764342989,1114
exp1,U2OS,Q192L,UtoC,3,0.1571083239422903,0.007263755199176991,1114
exp1,U2OS,Q192L,UtoG,3,0.005382537972065915,0.001511329218029972,1114
exp1,U2OS,WT,AtoC,3,0.05581536986176162,0.0035234489917931175,1004.6666666666666
exp1,U2OS,WT,AtoG,3,0.18845277530844542,0.00686989894504672,1004.6666666666666
exp1,U2OS,WT,AtoU,3,0.03278882711872402,0.012881355395095257,1004.6666666666666
exp1,U2OS,WT,CtoA,3,0.07794224637008143,0.015540134194096927,1004.6666666666666
exp1,U2OS,WT,CtoG,3,0.0106440755925292,0.0017180017725786163,1004.6666666666666
exp1,U2OS,WT,CtoU,3,0.14701785732713568,0.01357103206357557,1004.6666666666666
exp1,U2OS,WT,GtoA,3,0.2427211452984649,0.008766361277488685,1004.6666666666666
exp1,U2OS,WT,GtoC,3,0.014932273952892509,9.036527635402628e-4,1004.6666666666666
exp1,U2OS,WT,GtoU,3,0.06853836531671584,0.008969285279635163,1004.6666666666666
exp1,U2OS,WT,UtoA,3,0.04838256887225959,0.007357313886705751,1004.6666666666666
exp1,U2OS,WT,UtoC,3,0.14202129227902424,0.0012181422643755117,1004.6666666666666
exp1,U2OS,WT,UtoG,3,0.008003493183905554,0.001999072433141456,1004.6666666666666
exp1,plasmid,C483Y,AtoC,1,0,NA,152
exp1,plasmid,C483Y,AtoG,1,0.15789473684210525,NA,152
exp1,plasmid,C483Y,AtoU,1,0,NA,152
exp1,plasmid,C483Y,CtoA,1,0.1513157894736842,NA,152
exp1,plasmid,C483Y,CtoG,1,0,NA,152
exp1,plasmid,C483Y,CtoU,1,0.19078947368421054,NA,152
exp1,plasmid,C483Y,GtoA,1,0.21710526315789475,NA,152
exp1,plasmid,C483Y,GtoC,1,0.006578947368421052,NA,152
exp1,plasmid,C483Y,GtoU,1,0.16447368421052633,NA,152
exp1,plasmid,C483Y,UtoA,1,0,NA,152
exp1,plasmid,C483Y,UtoC,1,0.1118421052631579,NA,152
exp1,plasmid,C483Y,UtoG,1,0,NA,152
exp1,plasmid,Q192L,AtoC,1,0,NA,171
exp1,plasmid,Q192L,AtoG,1,0.1871345029239766,NA,171
exp1,plasmid,Q192L,AtoU,1,0.017543859649122806,NA,171
exp1,plasmid,Q192L,CtoA,1,0.14619883040935672,NA,171
exp1,plasmid,Q192L,CtoG,1,0,NA,171
exp1,plasmid,Q192L,CtoU,1,0.28654970760233917,NA,171
exp1,plasmid,Q192L,GtoA,1,0.13450292397660818,NA,171
exp1,plasmid,Q192L,GtoC,1,0.005847953216374269,NA,171
exp1,plasmid,Q192L,GtoU,1,0.0935672514619883,NA,171
exp1,plasmid,Q192L,UtoA,1,0.005847953216374269,NA,171
exp1,plasmid,Q192L,UtoC,1,0.12280701754385964,NA,171
exp1,plasmid,Q192L,UtoG,1,0,NA,171
exp1,plasmid,WT,AtoC,1,0.00847457627118644,NA,118
exp1,plasmid,WT,AtoG,1,0.1271186440677966,NA,118
exp1,plasmid,WT,AtoU,1,0,NA,118
exp1,plasmid,WT,CtoA,1,0.0847457627118644,NA,118
exp1,plasmid,WT,CtoG,1,0,NA,118
exp1,plasmid,WT,CtoU,1,0.3220338983050847,NA,118
exp1,plasmid,WT,GtoA,1,0.2457627118644068,NA,118
exp1,plasmid,WT,GtoC,1,0,NA,118
exp1,plasmid,WT,GtoU,1,0.1016949152542373,NA,118
exp1,plasmid,WT,UtoA,1,0.00847457627118644,NA,118
exp1,plasmid,WT,UtoC,1,0.1016949152542373,NA,118
exp1,plasmid,WT,UtoG,1,0,NA,118
exp2,C636,C483Y,AtoC,3,0.04717117358155904,0.00762314870155342,754
exp2,C636,C483Y,AtoG,3,0.14782841486605625,0.009172093489983055,754
exp2,C636,C483Y,AtoU,3,0.046453990026732825,0.002645967482013397,754
exp2,C636,C483Y,CtoA,3,0.04950707117838486,0.007024926956874302,754
exp2,C636,C483Y,CtoG,3,0.008433412650489617,0.002247882733813034,754
exp2,C636,C483Y,CtoU,3,0.19987821980901105,0.01642490664047754,754
exp2,C636,C483Y,GtoA,3,0.29067433090712363,0.010007959552586659,754
exp2,C636,C483Y,GtoC,3,0.009293369672311544,3.6231380151632587e-4,754
exp2,C636,C483Y,GtoU,3,0.03358843864638996,0.004765863959144765,754
exp2,C636,C483Y,UtoA,3,0.025684546398531738,0.003419422319022355,754
exp2,C636,C483Y,UtoC,3,0.1628349911449687,0.010455627554407525,754
exp2,C636,C483Y,UtoG,3,0.006157595642603632,0.0012713846764496053,754
exp2,C636,Q192L,AtoC,3,0.049848229237542216,0.002459276689934943,916.6666666666666
exp2,C636,Q192L,AtoG,3,0.16757365417338865,0.008538978494352001,916.6666666666666
exp2,C636,Q192L,AtoU,3,0.03419927971869558,0.001992409551695477,916.6666666666666
exp2,C636,Q192L,CtoA,3,0.04109690999833715,0.0035007541551366175,916.6666666666666
exp2,C636,Q192L,CtoG,3,0.010857830016475884,0.0037323836368688226,916.6666666666666
exp2,C636,Q192L,CtoU,3,0.19536569992925784,0.013879221659603019,916.6666666666666
exp2,C636,Q192L,GtoA,3,0.2937297149875975,0.006652100296034876,916.6666666666666
exp2,C636,Q192L,GtoC,3,0.012291888453521378,0.007150719654610988,916.6666666666666
exp2,C636,Q192L,GtoU,3,0.0353767678278133,0.0074414638850308756,916.6666666666666
exp2,C636,Q192L,UtoA,3,0.023551568896739823,0.006496133283799971,916.6666666666666
exp2,C636,Q192L,UtoC,3,0.16411643021334357,0.010925899267457607,916.6666666666666
exp2,C636,Q192L,UtoG,3,0.004342091879430081,0.0017914543257024323,916.6666666666666
exp2,C636,WT,AtoC,3,0.0574302472763857,0.003613937709031758,709.3333333333334
exp2,C636,WT,AtoG,3,0.13771777538044933,0.01156836547737788,709.3333333333334
exp2,C636,WT,AtoU,3,0.03803411923744706,0.005191717273534369,709.3333333333334
exp2,C636,WT,CtoA,3,0.05918668410607802,0.004365675109436367,709.3333333333334
exp2,C636,WT,CtoG,3,0.008877216678048633,0.0017186728512560373,709.3333333333334
exp2,C636,WT,CtoU,3,0.20105793226877777,0.027032179429800938,709.3333333333334
exp2,C636,WT,GtoA,3,0.2855028283919512,0.007472452790273679,709.3333333333334
exp2,C636,WT,GtoC,3,0.011811913439905888,0.0015817638059801172,709.3333333333334
exp2,C636,WT,GtoU,3,0.04628535588374543,0.005854225755063231,709.3333333333334
exp2,C636,WT,UtoA,3,0.024669356264438037,0.006997989386603254,709.3333333333334
exp2,C636,WT,UtoC,3,0.15264714109582886,0.014222926071679012,709.3333333333334
exp2,C636,WT,UtoG,3,0.00750547456556578,0.0033556587876308426,709.3333333333334
exp2,P0stock,C483Y,AtoC,1,0.0521901211556384,NA,1073
exp2,P0stock,C483Y,AtoG,1,0.1602982292637465,NA,1073
exp2,P0stock,C483Y,AtoU,1,0.032618825722273995,NA,1073
exp2,P0stock,C483Y,CtoA,1,0.14445479962721341,NA,1073
exp2,P0stock,C483Y,CtoG,1,0.016775396085740912,NA,1073
exp2,P0stock,C483Y,CtoU,1,0.12581547064305684,NA,1073
exp2,P0stock,C483Y,GtoA,1,0.21528424976700838,NA,1073
exp2,P0stock,C483Y,GtoC,1,0.008387698042870456,NA,1073
exp2,P0stock,C483Y,GtoU,1,0.14538676607642126,NA,1073
exp2,P0stock,C483Y,UtoA,1,0.04007455731593663,NA,1073
exp2,P0stock,C483Y,UtoC,1,0.13140726933830382,NA,1073
exp2,P0stock,C483Y,UtoG,1,0.0065237651444548,NA,1073
exp2,P0stock,Q192L,AtoC,1,0.04162976085031001,NA,1129
exp2,P0stock,Q192L,AtoG,1,0.17360496014171833,NA,1129
exp2,P0stock,Q192L,AtoU,1,0.03808680248007086,NA,1129
exp2,P0stock,Q192L,CtoA,1,0.14348981399468555,NA,1129
exp2,P0stock,Q192L,CtoG,1,0.011514614703277236,NA,1129
exp2,P0stock,Q192L,CtoU,1,0.1328609388839681,NA,1129
exp2,P0stock,Q192L,GtoA,1,0.2382639503985828,NA,1129
exp2,P0stock,Q192L,GtoC,1,0.0097431355181576609,NA,1129
exp2,P0stock,Q192L,GtoU,1,0.12311780336581045,NA,1129
exp2,P0stock,Q192L,UtoA,1,0.02037201062887511,NA,1129
exp2,P0stock,Q192L,UtoC,1,0.13728963684676704,NA,1129
exp2,P0stock,Q192L,UtoG,1,0.0044286979627989375,NA,1129
exp2,P0stock,WT,AtoC,1,0.052361396303901436,NA,974
exp2,P0stock,WT,AtoG,1,0.15092402464065707,NA,974
exp2,P0stock,WT,AtoU,1,0.02566735112936345,NA,974
exp2,P0stock,WT,CtoA,1,0.14784394250513347,NA,974
exp2,P0stock,WT,CtoG,1,0.01026694045174538,NA,974
exp2,P0stock,WT,CtoU,1,0.1293634496919918,NA,974
exp2,P0stock,WT,GtoA,1,0.2166324435318275,NA,974
exp2,P0stock,WT,GtoC,1,0.007186858316221766,NA,974
exp2,P0stock,WT,GtoU,1,0.16529774127310062,NA,974
exp2,P0stock,WT,UtoA,1,0.03285420944558522,NA,974
exp2,P0stock,WT,UtoC,1,0.11601642710472279,NA,974
exp2,P0stock,WT,UtoG,1,0.009240246406570842,NA,974
exp2,RNA,C483Y,AtoC,1,0.06550580431177445,NA,1206
exp2,RNA,C483Y,AtoG,1,0.1077943615257048,NA,1206
exp2,RNA,C483Y,AtoU,1,0.02155887230514096,NA,1206
exp2,RNA,C483Y,CtoA,1,0.029850746268656716,NA,1206
exp2,RNA,C483Y,CtoG,1,0.005804311774461028,NA,1206
exp2,RNA,C483Y,CtoU,1,0.12769485903814262,NA,1206
exp2,RNA,C483Y,GtoA,1,0.3747927031509121,NA,1206
exp2,RNA,C483Y,GtoC,1,0.09038142620232173,NA,1206
exp2,RNA,C483Y,GtoU,1,0.087893864013267,NA,1206
exp2,RNA,C483Y,UtoA,1,0.02570480928689884,NA,1206
exp2,RNA,C483Y,UtoC,1,0.12023217247097844,NA,1206
exp2,RNA,C483Y,UtoG,1,0.004975124378109453,NA,1206
exp2,RNA,Q192L,AtoC,1,0.07885615251299827,NA,1154
exp2,RNA,Q192L,AtoG,1,0.12998266897746968,NA,1154
exp2,RNA,Q192L,AtoU,1,0.018197573656845753,NA,1154
exp2,RNA,Q192L,CtoA,1,0.04246100519930676,NA,1154
exp2,RNA,Q192L,CtoG,1,0.011265164644714038,NA,1154
exp2,RNA,Q192L,CtoU,1,0.1195840554592721,NA,1154
exp2,RNA,Q192L,GtoA,1,0.3327556325823224,NA,1154
exp2,RNA,Q192L,GtoC,1,0.0658578856152513,NA,1154
exp2,RNA,Q192L,GtoU,1,0.08752166377816291,NA,1154
exp2,RNA,Q192L,UtoA,1,0.019064124783362217,NA,1154
exp2,RNA,Q192L,UtoC,1,0.12824956672443674,NA,1154
exp2,RNA,Q192L,UtoG,1,0.005199306759098786,NA,1154
exp2,RNA,WT,AtoC,1,0.07328072153325817,NA,887
exp2,RNA,WT,AtoG,1,0.12965050732807215,NA,887
exp2,RNA,WT,AtoU,1,0.02593010146561443,NA,887
exp2,RNA,WT,CtoA,1,0.05749718151071026,NA,887
exp2,RNA,WT,CtoG,1,0.006764374295377677,NA,887
exp2,RNA,WT,CtoU,1,0.1386696730552424,NA,887
exp2,RNA,WT,GtoA,1,0.3416009019165727,NA,887
exp2,RNA,WT,GtoC,1,0.02254791431792559,NA,887
exp2,RNA,WT,GtoU,1,0.06200676437429538,NA,887
exp2,RNA,WT,UtoA,1,0.02367531003382187,NA,887
exp2,RNA,WT,UtoC,1,0.14768883878241262,NA,887
exp2,RNA,WT,UtoG,1,0.005636978579481398,NA,887
exp2,U2OS,C483Y,AtoC,3,0.04933396099052341,0.004640640772855849,884.6666666666666
exp2,U2OS,C483Y,AtoG,3,0.15085786012375302,0.016479982972657705,884.6666666666666
exp2,U2OS,C483Y,AtoU,3,0.04458622755439915,0.0087927518493137,884.6666666666666
exp2,U2OS,C483Y,CtoA,3,0.054156213416627026,0.013563467643374051,884.6666666666666
exp2,U2OS,C483Y,CtoG,3,0.007012123407538094,0.0029963716447544224,884.6666666666666
exp2,U2OS,C483Y,CtoU,3,0.19822930919582601,0.0207690158607617,884.6666666666666
exp2,U2OS,C483Y,GtoA,3,0.28340005895258574,0.008583770460130941,884.6666666666666
exp2,U2OS,C483Y,GtoC,3,0.015917479484868068,0.005687293809986961,884.6666666666666
exp2,U2OS,C483Y,GtoU,3,0.05229231380752567,0.002090109213843207,884.6666666666666
exp2,U2OS,C483Y,UtoA,3,0.029801999380502882,0.0024425620053525722,884.6666666666666
exp2,U2OS,C483Y,UtoC,3,0.14021817097490052,0.015261793519132897,884.6666666666666
exp2,U2OS,C483Y,UtoG,3,0.007299565902950811,0.002841013066169184,884.6666666666666
exp2,U2OS,Q192L,AtoC,3,0.048262165514293576,0.0011321584744776966,1042.3333333333333
exp2,U2OS,Q192L,AtoG,3,0.14498240471624244,0.018049883331190546,1042.3333333333333
exp2,U2OS,Q192L,AtoU,3,0.03931168065433238,9.192900161109871e-4,1042.3333333333333
exp2,U2OS,Q192L,CtoA,3,0.04911251965066123,0.007015779528391867,1042.3333333333333
exp2,U2OS,Q192L,CtoG,3,0.006364773441816761,0.0012283549878849298,1042.3333333333333
exp2,U2OS,Q192L,CtoU,3,0.18464747896038253,0.018646132680572216,1042.3333333333333
exp2,U2OS,Q192L,GtoA,3,0.3034699826959005,0.02683142332458767,1042.3333333333333
exp2,U2OS,Q192L,GtoC,3,0.009954092436724571,0.0014789939721803176,1042.3333333333333
exp2,U2OS,Q192L,GtoU,3,0.04447313982905919,0.0012305379081100174,1042.3333333333333
exp2,U2OS,Q192L,UtoA,3,0.026243067330579732,0.004074569491396277,1042.3333333333333
exp2,U2OS,Q192L,UtoC,3,0.16919229593765037,0.010886514289893937,1042.3333333333333
exp2,U2OS,Q192L,UtoG,3,0.004147887936401373,3.85085942947038e-4,1042.3333333333333
exp2,U2OS,WT,AtoC,3,0.07625761564217007,0.012116391245465829,781.6666666666666
exp2,U2OS,WT,AtoG,3,0.1473516451592627,0.014450338273102346,781.6666666666666
exp2,U2OS,WT,AtoU,3,0.03254078059068004,0.008611107640394895,781.6666666666666
exp2,U2OS,WT,CtoA,3,0.05465118212321329,0.015624959434485552,781.6666666666666
exp2,U2OS,WT,CtoG,3,0.007726531913348266,0.003525385989927377,781.6666666666666
exp2,U2OS,WT,CtoU,3,0.19446302583876876,0.029953995417951372,781.6666666666666
exp2,U2OS,WT,GtoA,3,0.2776969953156521,0.00638605709806869,781.6666666666666
exp2,U2OS,WT,GtoC,3,0.011599328347947873,0.005888666035011244,781.6666666666666
exp2,U2OS,WT,GtoU,3,0.041099054798162234,0.010577140449759636,781.6666666666666
exp2,U2OS,WT,UtoA,3,0.03083203740515943,0.011141697881085282,781.6666666666666
exp2,U2OS,WT,UtoC,3,0.1552165868739483,0.002743305053551606,781.6666666666666
exp2,U2OS,WT,UtoG,3,0.005595332556813064,0.003362124872852824,781.6666666666666
