celltype,genotype,substitution,n,freq.mean,freq.sd,total_depth.mean
C636,C483Y,AtoC.freq,6,0.0334646389756837,0.011903086794665495,31492325.833333332
C636,C483Y,AtoG.freq,6,0.13635977950123335,0.06125852110522829,31492325.833333332
C636,C483Y,AtoT.freq,6,0.029632454657004845,0.005817566047308025,31492325.833333332
C636,C483Y,CtoA.freq,6,0.05279256493053031,0.031537449036614346,31492325.833333332
C636,C483Y,CtoG.freq,6,0.008821712639478726,0.0076214783906242665,31492325.833333332
C636,C483Y,CtoT.freq,6,0.15705202806168647,0.07143009112501511,31492325.833333332
C636,C483Y,GtoA.freq,6,0.31425179037304324,0.07973958318392839,31492325.833333332
C636,C483Y,GtoC.freq,6,0.00988204262048369,0.008497729867436138,31492325.833333332
C636,C483Y,GtoT.freq,6,0.06289789031882985,0.0827343102320255,31492325.833333332
C636,C483Y,TtoA.freq,6,0.03181376183997045,0.019191155360126878,31492325.833333332
C636,C483Y,TtoC.freq,6,0.12601198215816767,0.04440469362953645,31492325.833333332
C636,C483Y,TtoG.freq,6,0.012350756738938406,0.00618015721320496,31492325.833333332
C636,Q192L,AtoC.freq,6,0.03279797583122266,0.0054558213777388155,30992818.833333332
C636,Q192L,AtoG.freq,6,0.1634617533416131,0.06159280702775031,30992818.833333332
C636,Q192L,AtoT.freq,6,0.029414511954929744,0.00781607815068184,30992818.833333332
C636,Q192L,CtoA.freq,6,0.04414514370351812,0.02058223617185514,30992818.833333332
C636,Q192L,CtoG.freq,6,0.010306350670921737,0.003960671391556653,30992818.833333332
C636,Q192L,CtoT.freq,6,0.14337366621418524,0.01616614892671059,30992818.833333332
C636,Q192L,GtoA.freq,6,0.3397985810996292,0.047867248239643265,30992818.833333332
C636,Q192L,GtoC.freq,6,0.006899159795463712,0.002643536878287558,30992818.833333332
C636,Q192L,GtoT.freq,6,0.03247035153902892,0.013054312381193534,30992818.833333332
C636,Q192L,TtoA.freq,6,0.030656058111343188,0.01730356672061305,30992818.833333332
C636,Q192L,TtoC.freq,6,0.12378874143495706,0.022135144830524735,30992818.833333332
C636,Q192L,TtoG.freq,6,0.010212479088647211,0.00597913550418483,30992818.833333332
C636,WT,AtoC.freq,6,0.03590724291578305,0.013329942955962265,32432510.833333332
C636,WT,AtoG.freq,6,0.1231178316199778,0.06449568326311307,32432510.833333332
C636,WT,AtoT.freq,6,0.02056862959120901,0.005339434597671076,32432510.833333332
C636,WT,CtoA.freq,6,0.043251674168144454,0.015980193583665557,32432510.833333332
C636,WT,CtoG.freq,6,0.005187503601736329,0.0025624102743452854,32432510.833333332
C636,WT,CtoT.freq,6,0.11831948045196526,0.012575657137701044,32432510.833333332
C636,WT,GtoA.freq,6,0.2769608253851306,0.039435999284602154,32432510.833333332
C636,WT,GtoC.freq,6,0.007047303948903184,0.0022868733084404447,32432510.833333332
C636,WT,GtoT.freq,6,0.032698776678441226,0.013822982750700439,32432510.833333332
C636,WT,TtoA.freq,6,0.029947354491315307,0.019274937290290103,32432510.833333332
C636,WT,TtoC.freq,6,0.09914569567886229,0.02786535278449198,32432510.833333332
C636,WT,TtoG.freq,6,0.010394019613018612,0.004706671390589914,32432510.833333332
P0stock,C483Y,AtoC.freq,1,0.042965851338894176,NA,35144189
P0stock,C483Y,AtoG.freq,1,0.14511645154196046,NA,35144189
P0stock,C483Y,AtoT.freq,1,0.02247882288591152,NA,35144189
P0stock,C483Y,CtoA.freq,1,0.12377579690343687,NA,35144189
P0stock,C483Y,CtoG.freq,1,0.012235308659420196,NA,35144189
P0stock,C483Y,CtoT.freq,1,0.09902063752274949,NA,35144189
P0stock,C483Y,GtoA.freq,1,0.2925092395786968,NA,35144189
P0stock,C483Y,GtoC.freq,1,0.005975383298786607,NA,35144189
P0stock,C483Y,GtoT.freq,1,0.11580861917172139,NA,35144189
P0stock,C483Y,TtoA.freq,1,0.037844094225648515,NA,35144189
P0stock,C483Y,TtoC.freq,1,0.10727235731631195,NA,35144189
P0stock,C483Y,TtoG.freq,1,0.028738748246545112,NA,35144189
P0stock,Q192L,AtoC.freq,1,0.03422358428996135,NA,35940128
P0stock,Q192L,AtoG.freq,1,0.1750132887673633,NA,35940128
P0stock,Q192L,AtoT.freq,1,0.030049976449722158,NA,35940128
P0stock,Q192L,CtoA.freq,1,0.12131286788961909,NA,35940128
P0stock,Q192L,CtoG.freq,1,0.007790734635113152,NA,35940128
P0stock,Q192L,CtoT.freq,1,0.12186934893498431,NA,35940128
P0stock,Q192L,GtoA.freq,1,0.32248076578914797,NA,35940128
P0stock,Q192L,GtoC.freq,1,0.00862545620316099,NA,35940128
P0stock,Q192L,GtoT.freq,1,0.10322723391524927,NA,35940128
P0stock,Q192L,TtoA.freq,1,0.02003331763314811,NA,35940128
P0stock,Q192L,TtoC.freq,1,0.12520823520717567,NA,35940128
P0stock,Q192L,TtoG.freq,1,0.027545811745578647,NA,35940128
P0stock,WT,AtoC.freq,1,0.03900367541808336,NA,35381281
P0stock,WT,AtoG.freq,1,0.13623022863417522,NA,35381281
P0stock,WT,AtoT.freq,1,0.016392849088759674,NA,35381281
P0stock,WT,CtoA.freq,1,0.11051041368456954,NA,35381281
P0stock,WT,CtoG.freq,1,0.006783247898797107,NA,35381281
P0stock,WT,CtoT.freq,1,0.09553074124139259,NA,35381281
P0stock,WT,GtoA.freq,1,0.2555023375213577,NA,35381281
P0stock,WT,GtoC.freq,1,0.005370071253214376,NA,35381281
P0stock,WT,GtoT.freq,1,0.11785893224159973,NA,35381281
P0stock,WT,TtoA.freq,1,0.026567720936955336,NA,35381281
P0stock,WT,TtoC.freq,1,0.09553074124139259,NA,35381281
P0stock,WT,TtoG.freq,1,0.02911143889900425,NA,35381281
RNA,C483Y,AtoC.freq,2,0.053684904496280494,0.002346363482571284,33501352
RNA,C483Y,AtoG.freq,2,0.13290584604594116,0.06130479941690307,33501352
RNA,C483Y,AtoT.freq,2,0.017706799186285944,8.820575835668765e-4,33501352
RNA,C483Y,CtoA.freq,2,0.05184722721222926,0.036352249847073186,33501352
RNA,C483Y,CtoG.freq,2,0.006430212211665169,0.0028708850531857177,33501352
RNA,C483Y,CtoT.freq,2,0.10580816205114293,7.810813425037014e-5,33501352
RNA,C483Y,GtoA.freq,2,0.9200821512085207,0.258689248494705,33501352
RNA,C483Y,GtoC.freq,2,0.1748174154993403,0.04590301017238296,33501352
RNA,C483Y,GtoT.freq,2,0.11763332949477875,0.0594727668102326,33501352
RNA,C483Y,TtoA.freq,2,0.03552209438884272,0.022050166681387068,33501352
RNA,C483Y,TtoC.freq,2,0.11748045246392494,0.033267190342784594,33501352
RNA,C483Y,TtoG.freq,2,0.016843989573327122,0.015346088819002936,33501352
RNA,Q192L,AtoC.freq,2,0.06084692574797916,0.004307207626517753,32890344
RNA,Q192L,AtoG.freq,2,0.139501509324851,0.044524748097055866,32890344
RNA,Q192L,AtoT.freq,2,0.01903371299735985,0.009533404838005957,32890344
RNA,Q192L,CtoA.freq,2,0.05478437105025449,0.028282844801762772,32890344
RNA,Q192L,CtoG.freq,2,0.006645858357064053,0.001697717972623522,32890344
RNA,Q192L,CtoT.freq,2,0.10777179321493663,0.0052003437415639306,32890344
RNA,Q192L,GtoA.freq,2,0.5701163346794627,0.06650751964786268,32890344
RNA,Q192L,GtoC.freq,2,0.073695585238303,0.0010249528794456129,32890344
RNA,Q192L,GtoT.freq,2,0.08465855771193562,0.018378334068045447,32890344
RNA,Q192L,TtoA.freq,2,0.029374183555357904,0.017499209945570048,32890344
RNA,Q192L,TtoC.freq,2,0.12712149433581424,0.03071555666210925,32890344
RNA,Q192L,TtoG.freq,2,0.011615198314161386,0.008725425935993106,32890344
RNA,WT,AtoC.freq,2,0.04641633315858114,0.004671886527479128,31776015
RNA,WT,AtoG.freq,2,0.11015064544231089,0.04692696668722347,31776015
RNA,WT,AtoT.freq,2,0.016410195733611417,0.0015124180684137397,31776015
RNA,WT,CtoA.freq,2,0.0535110259702892,0.027049062992934275,31776015
RNA,WT,CtoG.freq,2,0.0036614043724705896,3.1531215380529786e-4,31776015
RNA,WT,CtoT.freq,2,0.09549805791125143,0.011616991975716005,31776015
RNA,WT,GtoA.freq,2,0.31762093316074147,0.01939635394114199,31776015
RNA,WT,GtoC.freq,2,0.01640188845203568,0.002622830313621672,31776015
RNA,WT,GtoT.freq,2,0.05354807442728036,0.030841992474872137,31776015
RNA,WT,TtoA.freq,2,0.024621022596449438,0.014620494796774986,31776015
RNA,WT,TtoC.freq,2,0.10592386969299857,0.025987262891052403,31776015
RNA,WT,TtoG.freq,2,0.010434787683522191,0.004319710500618636,31776015
U2OS,C483Y,AtoC.freq,6,0.03938435058864392,0.01512332136025235,33512655
U2OS,C483Y,AtoG.freq,6,0.15499371652135577,0.07407377265938925,33512655
U2OS,C483Y,AtoT.freq,6,0.03427633862680628,0.00975422382275416,33512655
U2OS,C483Y,CtoA.freq,6,0.04892164681983737,0.0205189316998147,33512655
U2OS,C483Y,CtoG.freq,6,0.006570751684062799,0.0030985975021848204,33512655
U2OS,C483Y,CtoT.freq,6,0.13620037856687728,0.017958712939919394,33512655
U2OS,C483Y,GtoA.freq,6,0.2973133275366003,0.04619130231182151,33512655
U2OS,C483Y,GtoC.freq,6,0.010627900798131631,0.0037049388977470374,33512655
U2OS,C483Y,GtoT.freq,6,0.038894729356192585,0.011898871763765861,33512655
U2OS,C483Y,TtoA.freq,6,0.03315792967146884,0.017004124240577168,33512655
U2OS,C483Y,TtoC.freq,6,0.11383593403577885,0.03545819537686974,33512655
U2OS,C483Y,TtoG.freq,6,0.01587550523686488,0.01149640071638418,33512655
U2OS,Q192L,AtoC.freq,6,0.042336145222466266,0.010579859921873156,32749702.5
U2OS,Q192L,AtoG.freq,6,0.1855438712184471,0.0898948711872155,32749702.5
U2OS,Q192L,AtoT.freq,6,0.036529762954023444,0.00972916101783478,32749702.5
U2OS,Q192L,CtoA.freq,6,0.05310922445366006,0.019092097775070826,32749702.5
U2OS,Q192L,CtoG.freq,6,0.00632746099327254,0.002938600976187243,32749702.5
U2OS,Q192L,CtoT.freq,6,0.1592296903856526,0.01873810407125822,32749702.5
U2OS,Q192L,GtoA.freq,6,0.3637159523929212,0.04372658158272863,32749702.5
U2OS,Q192L,GtoC.freq,6,0.00788194862384116,0.0024003326977340665,32749702.5
U2OS,Q192L,GtoT.freq,6,0.04009207312580312,0.011611064160613986,32749702.5
U2OS,Q192L,TtoA.freq,6,0.033962770925146574,0.016485251947981557,32749702.5
U2OS,Q192L,TtoC.freq,6,0.15083898743701207,0.02897918985650775,32749702.5
U2OS,Q192L,TtoG.freq,6,0.014303790614723227,0.010303332550835025,32749702.5
U2OS,WT,AtoC.freq,6,0.04583612807768907,0.007134255282646189,33548744.833333332
U2OS,WT,AtoG.freq,6,0.13784021878822167,0.062467143180893976,33548744.833333332
U2OS,WT,AtoT.freq,6,0.022785001177619803,0.010046370684504804,33548744.833333332
U2OS,WT,CtoA.freq,6,0.0484709279226361,0.022854064769749754,33548744.833333332
U2OS,WT,CtoG.freq,6,0.006112378335229615,0.002736291157097907,33548744.833333332
U2OS,WT,CtoT.freq,6,0.13290093218128868,0.02827640690599459,33548744.833333332
U2OS,WT,GtoA.freq,6,0.2937386517454073,0.05382495368901706,33548744.833333332
U2OS,WT,GtoC.freq,6,0.008973070559444771,0.004105660331292035,33548744.833333332
U2OS,WT,GtoT.freq,6,0.038517114701900015,0.02116007351543768,33548744.833333332
U2OS,WT,TtoA.freq,6,0.030430473697708925,0.016087697174396686,33548744.833333332
U2OS,WT,TtoC.freq,6,0.10743043253753345,0.02594350076965878,33548744.833333332
U2OS,WT,TtoG.freq,6,0.013074064880833689,0.005364843510169644,33548744.833333332
plasmid,C483Y,AtoC.freq,1,0,NA,29618978
plasmid,C483Y,AtoG.freq,1,0.0175563113622624,NA,29618978
plasmid,C483Y,AtoT.freq,1,0,NA,29618978
plasmid,C483Y,CtoA.freq,1,0.0162058258728576,NA,29618978
plasmid,C483Y,CtoG.freq,1,0,NA,29618978
plasmid,C483Y,CtoT.freq,1,0.0229582533198816,NA,29618978
plasmid,C483Y,GtoA.freq,1,0.025321602926339996,NA,29618978
plasmid,C483Y,GtoC.freq,1,6.752427447024e-4,NA,29618978
plasmid,C483Y,GtoT.freq,1,0.0195820395963696,NA,29618978
plasmid,C483Y,TtoA.freq,1,0,NA,29618978
plasmid,C483Y,TtoC.freq,1,0.012154369404643199,NA,29618978
plasmid,C483Y,TtoG.freq,1,0,NA,29618978
plasmid,Q192L,AtoC.freq,1,0,NA,27444781
plasmid,Q192L,AtoG.freq,1,0.02477702409066409,NA,27444781
plasmid,Q192L,AtoT.freq,1,0.002186208007999772,NA,27444781
plasmid,Q192L,CtoA.freq,1,0.01967587207199795,NA,27444781
plasmid,Q192L,CtoG.freq,1,0,NA,27444781
plasmid,Q192L,CtoT.freq,1,0.042995424157328856,NA,27444781
plasmid,Q192L,GtoA.freq,1,0.01967587207199795,NA,27444781
plasmid,Q192L,GtoC.freq,1,7.287360026665907e-4,NA,27444781
plasmid,Q192L,GtoT.freq,1,0.012752880046665338,NA,27444781
plasmid,Q192L,TtoA.freq,1,7.287360026665907e-4,NA,27444781
plasmid,Q192L,TtoC.freq,1,0.016760928061331587,NA,27444781
plasmid,Q192L,TtoG.freq,1,0,NA,27444781
plasmid,WT,AtoC.freq,1,8.47214017189803e-4,NA,23606786
plasmid,WT,AtoG.freq,1,0.013131817266441945,NA,23606786
plasmid,WT,AtoT.freq,1,0,NA,23606786
plasmid,WT,CtoA.freq,1,0.00889574718049293,NA,23606786
plasmid,WT,CtoG.freq,1,0,NA,23606786
plasmid,WT,CtoT.freq,1,0.036430202739161525,NA,23606786
plasmid,WT,GtoA.freq,1,0.029652490601643103,NA,23606786
plasmid,WT,GtoC.freq,1,0,NA,23606786
plasmid,WT,GtoT.freq,1,0.01143738923206234,NA,23606786
plasmid,WT,TtoA.freq,1,8.47214017189803e-4,NA,23606786
plasmid,WT,TtoC.freq,1,0.011013782223467439,NA,23606786
plasmid,WT,TtoG.freq,1,0,NA,23606786
