celltype,genotype,substitution,n,freq.mean,freq.sd,total_mutated_positions.mean
C636,C483Y,AtoC,6,0.04606470351849312,0.00999346607498081,942.3333333333334
C636,C483Y,AtoG,6,0.15441225863112584,0.02345941561500773,942.3333333333334
C636,C483Y,AtoU,6,0.04100753405740825,0.008052739958746504,942.3333333333334
C636,C483Y,CtoA,6,0.06412319647803852,0.017345163526594064,942.3333333333334
C636,C483Y,CtoG,6,0.010676346089280666,0.005057881783390705,942.3333333333334
C636,C483Y,CtoU,6,0.1769330726878826,0.03382963347671387,942.3333333333334
C636,C483Y,GtoA,6,0.2586283890047112,0.035694380121793594,942.3333333333334
C636,C483Y,GtoC,6,0.011976922368863123,0.00449615774361468,942.3333333333334
C636,C483Y,GtoU,6,0.06334582021558029,0.04888960147256866,942.3333333333334
C636,C483Y,UtoA,6,0.036777540186212904,0.01628198041609305,942.3333333333334
C636,C483Y,UtoC,6,0.16162840998422015,0.014724480904952864,942.3333333333334
C636,C483Y,UtoG,6,0.00607922715650941,8.931393795992126e-4,942.3333333333334
C636,Q192L,AtoC,6,0.04545284988926725,0.006746020602770261,930.3333333333334
C636,Q192L,AtoG,6,0.18317584083038013,0.018809269667610352,930.3333333333334
C636,Q192L,AtoU,6,0.03792315603317163,0.006457439482774003,930.3333333333334
C636,Q192L,CtoA,6,0.05383936781832654,0.0148796221249584,930.3333333333334
C636,Q192L,CtoG,6,0.013595207993246903,0.0041668172192368715,930.3333333333334
C636,Q192L,CtoU,6,0.16710969816482196,0.03274815575516699,930.3333333333334
C636,Q192L,GtoA,6,0.27927118874580337,0.018364954483657173,930.3333333333334
C636,Q192L,GtoC,6,0.010444879998638799,0.005283172915717539,930.3333333333334
C636,Q192L,GtoU,6,0.04367377229384803,0.010595290086086905,930.3333333333334
C636,Q192L,UtoA,6,0.036402439008093576,0.014863820233866088,930.3333333333334
C636,Q192L,UtoC,6,0.15505644533081692,0.013164713924273359,930.3333333333334
C636,Q192L,UtoG,6,0.00450050049223145,0.0021175945300129844,930.3333333333334
C636,WT,AtoC,6,0.05695590612868226,0.00952819234085474,798.5
C636,WT,AtoG,6,0.15893240064767666,0.02532709911127085,798.5
C636,WT,AtoU,6,0.03420086825505268,0.0063516493007174865,798.5
C636,WT,CtoA,6,0.06360192150710497,0.009974127829819022,798.5
C636,WT,CtoG,6,0.008893313678841028,0.003171333812912048,798.5
C636,WT,CtoU,6,0.16866816790782277,0.03952032995848374,798.5
C636,WT,GtoA,6,0.2726441817558006,0.01717798622500952,798.5
C636,WT,GtoC,6,0.012078375547705886,0.0025009901251085067,798.5
C636,WT,GtoU,6,0.05279205400977165,0.00868617381110799,798.5
C636,WT,UtoA,6,0.04147538957656469,0.01905284001472654,798.5
C636,WT,UtoC,6,0.15600206408338335,0.011446609494370194,798.5
C636,WT,UtoG,6,0.006732066147223126,0.002667522158443635,798.5
P0stock,C483Y,AtoC,1,0.0521901211556384,NA,1073
P0stock,C483Y,AtoG,1,0.1602982292637465,NA,1073
P0stock,C483Y,AtoU,1,0.032618825722273995,NA,1073
P0stock,C483Y,CtoA,1,0.14445479962721341,NA,1073
P0stock,C483Y,CtoG,1,0.016775396085740912,NA,1073
P0stock,C483Y,CtoU,1,0.12581547064305684,NA,1073
P0stock,C483Y,GtoA,1,0.21528424976700838,NA,1073
P0stock,C483Y,GtoC,1,0.008387698042870456,NA,1073
P0stock,C483Y,GtoU,1,0.14538676607642126,NA,1073
P0stock,C483Y,UtoA,1,0.04007455731593663,NA,1073
P0stock,C483Y,UtoC,1,0.13140726933830382,NA,1073
P0stock,C483Y,UtoG,1,0.0065237651444548,NA,1073
P0stock,Q192L,AtoC,1,0.04162976085031001,NA,1129
P0stock,Q192L,AtoG,1,0.17360496014171833,NA,1129
P0stock,Q192L,AtoU,1,0.03808680248007086,NA,1129
P0stock,Q192L,CtoA,1,0.14348981399468555,NA,1129
P0stock,Q192L,CtoG,1,0.011514614703277236,NA,1129
P0stock,Q192L,CtoU,1,0.1328609388839681,NA,1129
P0stock,Q192L,GtoA,1,0.2382639503985828,NA,1129
P0stock,Q192L,GtoC,1,0.0097431355181576609,NA,1129
P0stock,Q192L,GtoU,1,0.12311780336581045,NA,1129
P0stock,Q192L,UtoA,1,0.02037201062887511,NA,1129
P0stock,Q192L,UtoC,1,0.13728963684676704,NA,1129
P0stock,Q192L,UtoG,1,0.0044286979627989375,NA,1129
P0stock,WT,AtoC,1,0.052361396303901436,NA,974
P0stock,WT,AtoG,1,0.15092402464065707,NA,974
P0stock,WT,AtoU,1,0.02566735112936345,NA,974
P0stock,WT,CtoA,1,0.14784394250513347,NA,974
P0stock,WT,CtoG,1,0.01026694045174538,NA,974
P0stock,WT,CtoU,1,0.1293634496919918,NA,974
P0stock,WT,GtoA,1,0.2166324435318275,NA,974
P0stock,WT,GtoC,1,0.007186858316221766,NA,974
P0stock,WT,GtoU,1,0.16529774127310062,NA,974
P0stock,WT,UtoA,1,0.03285420944558522,NA,974
P0stock,WT,UtoC,1,0.11601642710472279,NA,974
P0stock,WT,UtoG,1,0.009240246406570842,NA,974
RNA,C483Y,AtoC,2,0.054295640168395914,0.0158535661679945,1322.5
RNA,C483Y,AtoG,2,0.1153982231534014,0.010753484240296879,1322.5
RNA,C483Y,AtoU,2,0.019466024060840113,0.0029597343710789804,1322.5
RNA,C483Y,CtoA,2,0.04619708960409903,0.023117220440189577,1322.5
RNA,C483Y,CtoG,2,0.006724254566869151,0.0013009955736309456,1322.5
RNA,C483Y,CtoU,2,0.10102602576646533,0.03771542570547286,1322.5
RNA,C483Y,GtoA,2,0.37537411391041087,8.222389813928077e-4,1322.5
RNA,C483Y,GtoC,2,0.09244575132214766,0.0029193965816052985,1322.5
RNA,C483Y,GtoU,2,0.09676138648891286,0.012540570549706616,1322.5
RNA,C483Y,UtoA,2,0.03509006968861968,0.01327276254651677,1322.5
RNA,C483Y,UtoC,2,0.11571024884841485,0.006394965715044683,1322.5
RNA,C483Y,UtoG,2,0.005267270319701008,4.1315675279103624e-4,1322.5
RNA,Q192L,AtoC,2,0.070651344006713,0.011603351466262771,1161.5
RNA,Q192L,AtoG,2,0.13556447392414972,0.007893864258116137,1161.5
RNA,Q192L,AtoU,2,0.02235798272234931,0.005883706925455103,1161.5
RNA,Q192L,CtoA,2,0.05801407830538478,0.02199536692319577,1161.5
RNA,Q192L,CtoG,2,0.008626594298404924,0.0037315019690258243,1161.5
RNA,Q192L,CtoU,2,0.10598535536008943,0.01923146611090849,1161.5
RNA,Q192L,GtoA,2,0.3267713150080132,0.008463103075135694,1161.5
RNA,Q192L,GtoC,2,0.059019618598900245,0.00967076995765226,1161.5
RNA,Q192L,GtoU,2,0.0903818755161131,0.004044950231067887,1161.5
RNA,Q192L,UtoA,2,0.030490146224016437,0.016158834485338967,1161.5
RNA,Q192L,UtoC,2,0.13341477480789843,0.007304707324110678,1161.5
RNA,Q192L,UtoG,2,0.003882801369284209,0.0018618197772130535,1161.5
RNA,WT,AtoC,2,0.06770718374435476,0.007882172731466151,870
RNA,WT,AtoG,2,0.14454389375782273,0.021062429078616655,870
RNA,WT,AtoU,2,0.02586071310091976,9.81299664220933e-5,870
RNA,WT,CtoA,2,0.07505574198630471,0.024831554360333866,870
RNA,WT,CtoG,2,0.00572685303280021,0.0014672766407875112,870
RNA,WT,CtoU,2,0.12384831835646058,0.020960560827759427,870
RNA,WT,GtoA,2,0.3021017405245232,0.0558602497430002,870
RNA,WT,GtoC,2,0.022997286584519654,6.355083539716617e-4,870
RNA,WT,GtoU,2,0.07906903283193081,0.024129691457638693,870
RNA,WT,UtoA,2,0.034111980925468965,0.014759681520991828,870
RNA,WT,UtoC,2,0.1447705624158253,0.004127066016380657,870
RNA,WT,UtoG,2,0.006335488117407756,9.878416619824198e-4,870
U2OS,C483Y,AtoC,6,0.05181526922576544,0.008303422865027364,940
U2OS,C483Y,AtoG,6,0.17375991519250106,0.027307131414550448,940
U2OS,C483Y,AtoU,6,0.047009906065694315,0.00728299313058605,940
U2OS,C483Y,CtoA,6,0.06252483083817567,0.01363200933485182,940
U2OS,C483Y,CtoG,6,0.008481953263462646,0.004033441093814025,940
U2OS,C483Y,CtoU,6,0.16562907016581815,0.03918427127879544,940
U2OS,C483Y,GtoA,6,0.2600915140962096,0.02738586694283491,940
U2OS,C483Y,GtoC,6,0.01580073023490762,0.004008524909082236,940
U2OS,C483Y,GtoU,6,0.054738051168625373,0.0051427077514272284,940
U2OS,C483Y,UtoA,6,0.04069027660632647,0.012921556325037959,940
U2OS,C483Y,UtoC,6,0.14840261234819777,0.014317138743090253,940
U2OS,C483Y,UtoG,6,0.007021070793263355,0.002908757592380301,940
U2OS,Q192L,AtoC,6,0.04701773444873608,0.0036975964917098027,1078.1666666666667
U2OS,Q192L,AtoG,6,0.1791020697869485,0.03931585263540658,1078.1666666666667
U2OS,Q192L,AtoU,6,0.04072436079205128,0.0019125892277264919,1078.1666666666667
U2OS,Q192L,CtoA,6,0.05781788764406641,0.011127827679396825,1078.1666666666667
U2OS,Q192L,CtoG,6,0.0077595874185648565,0.002102651365806043,1078.1666666666667
U2OS,Q192L,CtoU,6,0.1621294966638649,0.02874891634046244,1078.1666666666667
U2OS,Q192L,GtoA,6,0.27739917049490204,0.03333567672509691,1078.1666666666667
U2OS,Q192L,GtoC,6,0.009347114339786891,0.0024839642568048876,1078.1666666666667
U2OS,Q192L,GtoU,6,0.048054713156709734,0.004366515471491035,1078.1666666666667
U2OS,Q192L,UtoA,6,0.03643737499523863,0.012193754410988597,1078.1666666666667
U2OS,Q192L,UtoC,6,0.16315030993997032,0.01059802089762273,1078.1666666666667
U2OS,Q192L,UtoG,6,0.004765212954233645,0.0011959394168019276,1078.1666666666667
U2OS,WT,AtoC,6,0.06603649275196584,0.013749700927961152,893.1666666666666
U2OS,WT,AtoG,6,0.16790221023385404,0.024681855379021105,893.1666666666666
U2OS,WT,AtoU,6,0.03266480385470203,0.009800543595521077,893.1666666666666
U2OS,WT,CtoA,6,0.06629671424664736,0.01889434183467277,893.1666666666666
U2OS,WT,CtoG,6,0.009185303752938733,0.0029505201106588626,893.1666666666666
U2OS,WT,CtoU,6,0.1707404415829522,0.033284817945076366,893.1666666666666
U2OS,WT,GtoA,6,0.2602090703070585,0.020348104369948838,893.1666666666666
U2OS,WT,GtoC,6,0.013265801150420191,0.004186854226891059,893.1666666666666
U2OS,WT,GtoU,6,0.05481871005743903,0.01740127351456354,893.1666666666666
U2OS,WT,UtoA,6,0.03960730313870951,0.012795051627627743,893.1666666666666
U2OS,WT,UtoC,6,0.14861893957648625,0.0074725214694432015,893.1666666666666
U2OS,WT,UtoG,6,0.006799412870359309,0.002803540793925467,893.1666666666666
plasmid,C483Y,AtoC,1,0,NA,152
plasmid,C483Y,AtoG,1,0.15789473684210525,NA,152
plasmid,C483Y,AtoU,1,0,NA,152
plasmid,C483Y,CtoA,1,0.1513157894736842,NA,152
plasmid,C483Y,CtoG,1,0,NA,152
plasmid,C483Y,CtoU,1,0.19078947368421054,NA,152
plasmid,C483Y,GtoA,1,0.21710526315789475,NA,152
plasmid,C483Y,GtoC,1,0.006578947368421052,NA,152
plasmid,C483Y,GtoU,1,0.16447368421052633,NA,152
plasmid,C483Y,UtoA,1,0,NA,152
plasmid,C483Y,UtoC,1,0.1118421052631579,NA,152
plasmid,C483Y,UtoG,1,0,NA,152
plasmid,Q192L,AtoC,1,0,NA,171
plasmid,Q192L,AtoG,1,0.1871345029239766,NA,171
plasmid,Q192L,AtoU,1,0.017543859649122806,NA,171
plasmid,Q192L,CtoA,1,0.14619883040935672,NA,171
plasmid,Q192L,CtoG,1,0,NA,171
plasmid,Q192L,CtoU,1,0.28654970760233917,NA,171
plasmid,Q192L,GtoA,1,0.13450292397660818,NA,171
plasmid,Q192L,GtoC,1,0.005847953216374269,NA,171
plasmid,Q192L,GtoU,1,0.0935672514619883,NA,171
plasmid,Q192L,UtoA,1,0.005847953216374269,NA,171
plasmid,Q192L,UtoC,1,0.12280701754385964,NA,171
plasmid,Q192L,UtoG,1,0,NA,171
plasmid,WT,AtoC,1,0.00847457627118644,NA,118
plasmid,WT,AtoG,1,0.1271186440677966,NA,118
plasmid,WT,AtoU,1,0,NA,118
plasmid,WT,CtoA,1,0.0847457627118644,NA,118
plasmid,WT,CtoG,1,0,NA,118
plasmid,WT,CtoU,1,0.3220338983050847,NA,118
plasmid,WT,GtoA,1,0.2457627118644068,NA,118
plasmid,WT,GtoC,1,0,NA,118
plasmid,WT,GtoU,1,0.1016949152542373,NA,118
plasmid,WT,UtoA,1,0.00847457627118644,NA,118
plasmid,WT,UtoC,1,0.1016949152542373,NA,118
plasmid,WT,UtoG,1,0,NA,118
